Workbook
Name TemplateVersion: Instructions!$G$1
Name TemplateReleaseDate: Instructions!$G$2
Name TemplateReleaseSummary: Instructions!$G$3

Sheet Instructions
A1: CAN Fault Recording | G1: 1.0.0
A2: v1.0.0 · released 2026-05-21 · Excel 2016 / 2019 / 2021 / Microsoft 365 (Windows) · macros required | D2: Import recording | G2: 2026-05-21
G3: CAN fault recording CSV import and analysis workbook.
A4: About this template
A5: Version 1.0.0 | D5: Select a CAN fault recording .csv file
A6: Released 2026-05-21
A7: CAN fault recording CSV import and analysis workbook.
A8: · Instructions dashboard layout and Import CSV action panel
A9: · Faster import: bulk Raw write, single-pass Parsed and Plot fill
A10: · Import success dialog shows row and CAN ID counts; ImportLog on failure
A11: · Six Plot_* sheets (500 samples × 4 int16 channels per CAN ID)
A13: Quick start
A14: 1. Enable macros when opening this workbook.
A15: 2. Use Import CSV (panel top-right) and choose a recording file.
A16: Comment lines (#…) and the can_id header row are skipped automatically.
A17: 3. Re-import replaces all previous Raw data.
A18: 4. Watch the status bar at the bottom for import progress.
... A27: Grouping is by can_id in file order (not fixed 6-row blocks).

Sheet Raw
A1: can_id | B1: b0 | C1: b1 | D1: b2 | E1: b3 | F1: b4 | G1: b5 | H1: b6 | I1: b7
A2: (empty — use Import CSV...)

Sheet ImportLog
A1: time | B1: step | C1: error_number | D1: error_message | E1: csv_path | F1: error_source
A2: (empty until an import fails)

Sheet Parsed
A1: row | B1: can_id | C1: seq_in_id | D1: b0 | E1: b1 | F1: b2 | G1: b3 | H1: b4 | I1: b5 | J1: b6 | K1: b7 | L1: b0b1 | M1: b2b3 | N1: b4b5 | O1: b6b7
A2: =ROW()-1 | B2: =IF(Raw!A2="","",Raw!A2) | D2: =IF(Raw!A2="","",HEX2DEC(MID(Raw!A2,3,2))) | E2: =IF(Raw!A2="","",HEX2DEC(MID(Raw!B2,3,2))) | F2: =IF(Raw!A2="","",HEX2DEC(MID(Raw!C2,3,2))) | G2: =IF(Raw!A2="","",HEX2DEC(MID(Raw!D2,3,2))) | H2: =IF(Raw!A2="","",HEX2DEC(MID(Raw!E2,3,2))) | I2: =IF(Raw!A2="","",HEX2DEC(MID(Raw!F2,3,2))) | J2: =IF(Raw!A2="","",HEX2DEC(MID(Raw!G2,3,2))) | K2: =IF(Raw!A2="","",HEX2DEC(MID(Raw!H2,3,2))) | L2: =IF(Raw!A2="","",IF(D2*256+E2>=32768,D2*256+E2-65536,D2*256+E2)) | M2: =IF(Raw!A2="","",IF(F2*256+G2>=32768,F2*256+G2-65536,F2*256+G2)) | N2: =IF(Raw!A2="","",IF(H2*256+I2>=32768,H2*256+I2-65536,H2*256+I2)) | O2: =IF(Raw!A2="","",IF(J2*256+K2>=32768,J2*256+K2-65536,J2*256+K2))
A3: =ROW()-1 | B3: =IF(Raw!A3="","",Raw!A3) | D3: =IF(Raw!A3="","",HEX2DEC(MID(Raw!A3,3,2))) | E3: =IF(Raw!A3="","",HEX2DEC(MID(Raw!B3,3,2))) | F3: =IF(Raw!A3="","",HEX2DEC(MID(Raw!C3,3,2))) | G3: =IF(Raw!A3="","",HEX2DEC(MID(Raw!D3,3,2))) | H3: =IF(Raw!A3="","",HEX2DEC(MID(Raw!E3,3,2))) | I3: =IF(Raw!A3="","",HEX2DEC(MID(Raw!F3,3,2))) | J3: =IF(Raw!A3="","",HEX2DEC(MID(Raw!G3,3,2))) | K3: =IF(Raw!A3="","",HEX2DEC(MID(Raw!H3,3,2))) | L3: =IF(Raw!A3="","",IF(D3*256+E3>=32768,D3*256+E3-65536,D3*256+E3)) | M3: =IF(Raw!A3="","",IF(F3*256+G3>=32768,F3*256+G3-65536,F3*256+G3)) | N3: =IF(Raw!A3="","",IF(H3*256+I3>=32768,H3*256+I3-65536,H3*256+I3)) | O3: =IF(Raw!A3="","",IF(J3*256+K3>=32768,J3*256+K3-65536,J3*256+K3))
A4: =ROW()-1 | B4: =IF(Raw!A4="","",Raw!A4) | D4: =IF(Raw!A4="","",HEX2DEC(MID(Raw!A4,3,2))) | E4: =IF(Raw!A4="","",HEX2DEC(MID(Raw!B4,3,2))) | F4: =IF(Raw!A4="","",HEX2DEC(MID(Raw!C4,3,2))) | G4: =IF(Raw!A4="","",HEX2DEC(MID(Raw!D4,3,2))) | H4: =IF(Raw!A4="","",HEX2DEC(MID(Raw!E4,3,2))) | I4: =IF(Raw!A4="","",HEX2DEC(MID(Raw!F4,3,2))) | J4: =IF(Raw!A4="","",HEX2DEC(MID(Raw!G4,3,2))) | K4: =IF(Raw!A4="","",HEX2DEC(MID(Raw!H4,3,2))) | L4: =IF(Raw!A4="","",IF(D4*256+E4>=32768,D4*256+E4-65536,D4*256+E4)) | M4: =IF(Raw!A4="","",IF(F4*256+G4>=32768,F4*256+G4-65536,F4*256+G4)) | N4: =IF(Raw!A4="","",IF(H4*256+I4>=32768,H4*256+I4-65536,H4*256+I4)) | O4: =IF(Raw!A4="","",IF(J4*256+K4>=32768,J4*256+K4-65536,J4*256+K4))
A5: =ROW()-1 | B5: =IF(Raw!A5="","",Raw!A5) | D5: =IF(Raw!A5="","",HEX2DEC(MID(Raw!A5,3,2))) | E5: =IF(Raw!A5="","",HEX2DEC(MID(Raw!B5,3,2))) | F5: =IF(Raw!A5="","",HEX2DEC(MID(Raw!C5,3,2))) | G5: =IF(Raw!A5="","",HEX2DEC(MID(Raw!D5,3,2))) | H5: =IF(Raw!A5="","",HEX2DEC(MID(Raw!E5,3,2))) | I5: =IF(Raw!A5="","",HEX2DEC(MID(Raw!F5,3,2))) | J5: =IF(Raw!A5="","",HEX2DEC(MID(Raw!G5,3,2))) | K5: =IF(Raw!A5="","",HEX2DEC(MID(Raw!H5,3,2))) | L5: =IF(Raw!A5="","",IF(D5*256+E5>=32768,D5*256+E5-65536,D5*256+E5)) | M5: =IF(Raw!A5="","",IF(F5*256+G5>=32768,F5*256+G5-65536,F5*256+G5)) | N5: =IF(Raw!A5="","",IF(H5*256+I5>=32768,H5*256+I5-65536,H5*256+I5)) | O5: =IF(Raw!A5="","",IF(J5*256+K5>=32768,J5*256+K5-65536,J5*256+K5))
A6: =ROW()-1 | B6: =IF(Raw!A6="","",Raw!A6) | D6: =IF(Raw!A6="","",HEX2DEC(MID(Raw!A6,3,2))) | E6: =IF(Raw!A6="","",HEX2DEC(MID(Raw!B6,3,2))) | F6: =IF(Raw!A6="","",HEX2DEC(MID(Raw!C6,3,2))) | G6: =IF(Raw!A6="","",HEX2DEC(MID(Raw!D6,3,2))) | H6: =IF(Raw!A6="","",HEX2DEC(MID(Raw!E6,3,2))) | I6: =IF(Raw!A6="","",HEX2DEC(MID(Raw!F6,3,2))) | J6: =IF(Raw!A6="","",HEX2DEC(MID(Raw!G6,3,2))) | K6: =IF(Raw!A6="","",HEX2DEC(MID(Raw!H6,3,2))) | L6: =IF(Raw!A6="","",IF(D6*256+E6>=32768,D6*256+E6-65536,D6*256+E6)) | M6: =IF(Raw!A6="","",IF(F6*256+G6>=32768,F6*256+G6-65536,F6*256+G6)) | N6: =IF(Raw!A6="","",IF(H6*256+I6>=32768,H6*256+I6-65536,H6*256+I6)) | O6: =IF(Raw!A6="","",IF(J6*256+K6>=32768,J6*256+K6-65536,J6*256+K6))
A7: =ROW()-1 | B7: =IF(Raw!A7="","",Raw!A7) | D7: =IF(Raw!A7="","",HEX2DEC(MID(Raw!A7,3,2))) | E7: =IF(Raw!A7="","",HEX2DEC(MID(Raw!B7,3,2))) | F7: =IF(Raw!A7="","",HEX2DEC(MID(Raw!C7,3,2))) | G7: =IF(Raw!A7="","",HEX2DEC(MID(Raw!D7,3,2))) | H7: =IF(Raw!A7="","",HEX2DEC(MID(Raw!E7,3,2))) | I7: =IF(Raw!A7="","",HEX2DEC(MID(Raw!F7,3,2))) | J7: =IF(Raw!A7="","",HEX2DEC(MID(Raw!G7,3,2))) | K7: =IF(Raw!A7="","",HEX2DEC(MID(Raw!H7,3,2))) | L7: =IF(Raw!A7="","",IF(D7*256+E7>=32768,D7*256+E7-65536,D7*256+E7)) | M7: =IF(Raw!A7="","",IF(F7*256+G7>=32768,F7*256+G7-65536,F7*256+G7)) | N7: =IF(Raw!A7="","",IF(H7*256+I7>=32768,H7*256+I7-65536,H7*256+I7)) | O7: =IF(Raw!A7="","",IF(J7*256+K7>=32768,J7*256+K7-65536,J7*256+K7))
A8: =ROW()-1 | B8: =IF(Raw!A8="","",Raw!A8) | D8: =IF(Raw!A8="","",HEX2DEC(MID(Raw!A8,3,2))) | E8: =IF(Raw!A8="","",HEX2DEC(MID(Raw!B8,3,2))) | F8: =IF(Raw!A8="","",HEX2DEC(MID(Raw!C8,3,2))) | G8: =IF(Raw!A8="","",HEX2DEC(MID(Raw!D8,3,2))) | H8: =IF(Raw!A8="","",HEX2DEC(MID(Raw!E8,3,2))) | I8: =IF(Raw!A8="","",HEX2DEC(MID(Raw!F8,3,2))) | J8: =IF(Raw!A8="","",HEX2DEC(MID(Raw!G8,3,2))) | K8: =IF(Raw!A8="","",HEX2DEC(MID(Raw!H8,3,2))) | L8: =IF(Raw!A8="","",IF(D8*256+E8>=32768,D8*256+E8-65536,D8*256+E8)) | M8: =IF(Raw!A8="","",IF(F8*256+G8>=32768,F8*256+G8-65536,F8*256+G8)) | N8: =IF(Raw!A8="","",IF(H8*256+I8>=32768,H8*256+I8-65536,H8*256+I8)) | O8: =IF(Raw!A8="","",IF(J8*256+K8>=32768,J8*256+K8-65536,J8*256+K8))
A9: =ROW()-1 | B9: =IF(Raw!A9="","",Raw!A9) | D9: =IF(Raw!A9="","",HEX2DEC(MID(Raw!A9,3,2))) | E9: =IF(Raw!A9="","",HEX2DEC(MID(Raw!B9,3,2))) | F9: =IF(Raw!A9="","",HEX2DEC(MID(Raw!C9,3,2))) | G9: =IF(Raw!A9="","",HEX2DEC(MID(Raw!D9,3,2))) | H9: =IF(Raw!A9="","",HEX2DEC(MID(Raw!E9,3,2))) | I9: =IF(Raw!A9="","",HEX2DEC(MID(Raw!F9,3,2))) | J9: =IF(Raw!A9="","",HEX2DEC(MID(Raw!G9,3,2))) | K9: =IF(Raw!A9="","",HEX2DEC(MID(Raw!H9,3,2))) | L9: =IF(Raw!A9="","",IF(D9*256+E9>=32768,D9*256+E9-65536,D9*256+E9)) | M9: =IF(Raw!A9="","",IF(F9*256+G9>=32768,F9*256+G9-65536,F9*256+G9)) | N9: =IF(Raw!A9="","",IF(H9*256+I9>=32768,H9*256+I9-65536,H9*256+I9)) | O9: =IF(Raw!A9="","",IF(J9*256+K9>=32768,J9*256+K9-65536,J9*256+K9))
A10: =ROW()-1 | B10: =IF(Raw!A10="","",Raw!A10) | D10: =IF(Raw!A10="","",HEX2DEC(MID(Raw!A10,3,2))) | E10: =IF(Raw!A10="","",HEX2DEC(MID(Raw!B10,3,2))) | F10: =IF(Raw!A10="","",HEX2DEC(MID(Raw!C10,3,2))) | G10: =IF(Raw!A10="","",HEX2DEC(MID(Raw!D10,3,2))) | H10: =IF(Raw!A10="","",HEX2DEC(MID(Raw!E10,3,2))) | I10: =IF(Raw!A10="","",HEX2DEC(MID(Raw!F10,3,2))) | J10: =IF(Raw!A10="","",HEX2DEC(MID(Raw!G10,3,2))) | K10: =IF(Raw!A10="","",HEX2DEC(MID(Raw!H10,3,2))) | L10: =IF(Raw!A10="","",IF(D10*256+E10>=32768,D10*256+E10-65536,D10*256+E10)) | M10: =IF(Raw!A10="","",IF(F10*256+G10>=32768,F10*256+G10-65536,F10*256+G10)) | N10: =IF(Raw!A10="","",IF(H10*256+I10>=32768,H10*256+I10-65536,H10*256+I10)) | O10: =IF(Raw!A10="","",IF(J10*256+K10>=32768,J10*256+K10-65536,J10*256+K10))
A11: =ROW()-1 | B11: =IF(Raw!A11="","",Raw!A11) | D11: =IF(Raw!A11="","",HEX2DEC(MID(Raw!A11,3,2))) | E11: =IF(Raw!A11="","",HEX2DEC(MID(Raw!B11,3,2))) | F11: =IF(Raw!A11="","",HEX2DEC(MID(Raw!C11,3,2))) | G11: =IF(Raw!A11="","",HEX2DEC(MID(Raw!D11,3,2))) | H11: =IF(Raw!A11="","",HEX2DEC(MID(Raw!E11,3,2))) | I11: =IF(Raw!A11="","",HEX2DEC(MID(Raw!F11,3,2))) | J11: =IF(Raw!A11="","",HEX2DEC(MID(Raw!G11,3,2))) | K11: =IF(Raw!A11="","",HEX2DEC(MID(Raw!H11,3,2))) | L11: =IF(Raw!A11="","",IF(D11*256+E11>=32768,D11*256+E11-65536,D11*256+E11)) | M11: =IF(Raw!A11="","",IF(F11*256+G11>=32768,F11*256+G11-65536,F11*256+G11)) | N11: =IF(Raw!A11="","",IF(H11*256+I11>=32768,H11*256+I11-65536,H11*256+I11)) | O11: =IF(Raw!A11="","",IF(J11*256+K11>=32768,J11*256+K11-65536,J11*256+K11))
A12: =ROW()-1 | B12: =IF(Raw!A12="","",Raw!A12) | D12: =IF(Raw!A12="","",HEX2DEC(MID(Raw!A12,3,2))) | E12: =IF(Raw!A12="","",HEX2DEC(MID(Raw!B12,3,2))) | F12: =IF(Raw!A12="","",HEX2DEC(MID(Raw!C12,3,2))) | G12: =IF(Raw!A12="","",HEX2DEC(MID(Raw!D12,3,2))) | H12: =IF(Raw!A12="","",HEX2DEC(MID(Raw!E12,3,2))) | I12: =IF(Raw!A12="","",HEX2DEC(MID(Raw!F12,3,2))) | J12: =IF(Raw!A12="","",HEX2DEC(MID(Raw!G12,3,2))) | K12: =IF(Raw!A12="","",HEX2DEC(MID(Raw!H12,3,2))) | L12: =IF(Raw!A12="","",IF(D12*256+E12>=32768,D12*256+E12-65536,D12*256+E12)) | M12: =IF(Raw!A12="","",IF(F12*256+G12>=32768,F12*256+G12-65536,F12*256+G12)) | N12: =IF(Raw!A12="","",IF(H12*256+I12>=32768,H12*256+I12-65536,H12*256+I12)) | O12: =IF(Raw!A12="","",IF(J12*256+K12>=32768,J12*256+K12-65536,J12*256+K12))
A13: =ROW()-1 | B13: =IF(Raw!A13="","",Raw!A13) | D13: =IF(Raw!A13="","",HEX2DEC(MID(Raw!A13,3,2))) | E13: =IF(Raw!A13="","",HEX2DEC(MID(Raw!B13,3,2))) | F13: =IF(Raw!A13="","",HEX2DEC(MID(Raw!C13,3,2))) | G13: =IF(Raw!A13="","",HEX2DEC(MID(Raw!D13,3,2))) | H13: =IF(Raw!A13="","",HEX2DEC(MID(Raw!E13,3,2))) | I13: =IF(Raw!A13="","",HEX2DEC(MID(Raw!F13,3,2))) | J13: =IF(Raw!A13="","",HEX2DEC(MID(Raw!G13,3,2))) | K13: =IF(Raw!A13="","",HEX2DEC(MID(Raw!H13,3,2))) | L13: =IF(Raw!A13="","",IF(D13*256+E13>=32768,D13*256+E13-65536,D13*256+E13)) | M13: =IF(Raw!A13="","",IF(F13*256+G13>=32768,F13*256+G13-65536,F13*256+G13)) | N13: =IF(Raw!A13="","",IF(H13*256+I13>=32768,H13*256+I13-65536,H13*256+I13)) | O13: =IF(Raw!A13="","",IF(J13*256+K13>=32768,J13*256+K13-65536,J13*256+K13))
... A3201: =ROW()-1 | B3201: =IF(Raw!A3201="","",Raw!A3201) | D3201: =IF(Raw!A3201="","",HEX2DEC(MID(Raw!A3201,3,2))) | E3201: =IF(Raw!A3201="","",HEX2DEC(MID(Raw!B3201,3,2))) | F3201: =IF(Raw!A3201="","",HEX2DEC(MID(Raw!C3201,3,2))) | G3201: =IF(Raw!A3201="","",HEX2DEC(MID(Raw!D3201,3,2))) | H3201: =IF(Raw!A3201="","",HEX2DEC(MID(Raw!E3201,3,2))) | I3201: =IF(Raw!A3201="","",HEX2DEC(MID(Raw!F3201,3,2))) | J3201: =IF(Raw!A3201="","",HEX2DEC(MID(Raw!G3201,3,2))) | K3201: =IF(Raw!A3201="","",HEX2DEC(MID(Raw!H3201,3,2))) | L3201: =IF(Raw!A3201="","",IF(D3201*256+E3201>=32768,D3201*256+E3201-65536,D3201*256+E3201)) | M3201: =IF(Raw!A3201="","",IF(F3201*256+G3201>=32768,F3201*256+G3201-65536,F3201*256+G3201)) | N3201: =IF(Raw!A3201="","",IF(H3201*256+I3201>=32768,H3201*256+I3201-65536,H3201*256+I3201)) | O3201: =IF(Raw!A3201="","",IF(J3201*256+K3201>=32768,J3201*256+K3201-65536,J3201*256+K3201))

Sheet Dashboard
A1: Select CAN ID (open matching Plot_* sheet for charts) | B1: 0x1A960004
A3: Plot sheets
A4: Plot_1A960004 | B4: Charts populate after Import CSV
A5: Plot_1A970004 | B5: Charts populate after Import CSV
A6: Plot_1A980004 | B6: Charts populate after Import CSV
A7: Plot_1A990004 | B7: Charts populate after Import CSV
A8: Plot_1A9A0004 | B8: Charts populate after Import CSV
A9: Plot_1A9B0004 | B9: Charts populate after Import CSV

Sheet Plot_1A960004
A1: CAN ID | B1: 0x1A960004
A2: sample | B2: b0b1 | C2: b2b3 | D2: b4b5 | E2: b6b7
A3: 1
A4: 2
A5: 3
A6: 4
A7: 5
A8: 6
A9: 7
A10: 8
A11: 9
A12: 10
A13: 11
A14: 12
... A502: 500

Sheet Plot_1A970004
A1: CAN ID | B1: 0x1A970004
A2: sample | B2: b0b1 | C2: b2b3 | D2: b4b5 | E2: b6b7
A3: 1
A4: 2
A5: 3
A6: 4
A7: 5
A8: 6
A9: 7
A10: 8
A11: 9
A12: 10
A13: 11
A14: 12
... A502: 500

Sheet Plot_1A980004
A1: CAN ID | B1: 0x1A980004
A2: sample | B2: b0b1 | C2: b2b3 | D2: b4b5 | E2: b6b7
A3: 1
A4: 2
A5: 3
A6: 4
A7: 5
A8: 6
A9: 7
A10: 8
A11: 9
A12: 10
A13: 11
A14: 12
... A502: 500

Sheet Plot_1A990004
A1: CAN ID | B1: 0x1A990004
A2: sample | B2: b0b1 | C2: b2b3 | D2: b4b5 | E2: b6b7
A3: 1
A4: 2
A5: 3
A6: 4
A7: 5
A8: 6
A9: 7
A10: 8
A11: 9
A12: 10
A13: 11
A14: 12
... A502: 500

Sheet Plot_1A9A0004
A1: CAN ID | B1: 0x1A9A0004
A2: sample | B2: b0b1 | C2: b2b3 | D2: b4b5 | E2: b6b7
A3: 1
A4: 2
A5: 3
A6: 4
A7: 5
A8: 6
A9: 7
A10: 8
A11: 9
A12: 10
A13: 11
A14: 12
... A502: 500

Sheet Plot_1A9B0004
A1: CAN ID | B1: 0x1A9B0004
A2: sample | B2: b0b1 | C2: b2b3 | D2: b4b5 | E2: b6b7
A3: 1
A4: 2
A5: 3
A6: 4
A7: 5
A8: 6
A9: 7
A10: 8
A11: 9
A12: 10
A13: 11
A14: 12
... A502: 500
