Workbook

Sheet Cover
A1: BMS2.0控制器通信矩阵 项目名称： 编 制： 校 对： 审 核： 批 准： 2024年08月

Sheet Revision
A1: 版本管理
A3: 版本 | B3: 日期 | C3: 作者 | D3: 审核 | E3: 修改说明
A4: V1.0.0 | B4: 2024/8/12 | C4: yiwang | E4: 二、三级板数据协议首版
A5: V1.0.1 | B5: 2024/8/13 | C5: xuc01 | E5: 1.combine array, such as CellV/CellT/Fault 2.delete reserved signals 3.delete RBMS_FDUSt1-8/RBMS_FCUSt/RBMS_FireSt 4.signal order change 5.add review comment 6.add formula to caculate Byte/StartBit
A6: V1.0.2 | B6: 2024/8/14 | C6: zl | E6: 1.change cell and temp send periodic from 5000(ms) to 1000(ms); 2.change cell balancing state send periodic from 10000(ms) to 1000(ms); 3.change cell self-discharge send periodic from 30000(ms) to 1000(ms);
A7: V1.0.3 | B7: 2024/9/4 | C7: xuc01 | E7: 1.Sheet“Legend”更新字节序与位序 2.Sheet“StationID”地址问题 3.Sheet“Comm Matrix”删除列“SPN可疑参数编号”，删除详细数据报文发送周期列 4. start bit/byte 列重新计算 5. Unit列重新核对 6. 数据包整合 7. 信号中英文描述补充完整 8. 信号名称与上位机显示匹配 9. 补充信号值描述 10.补充cmdGroup，cmdid等信息 11.修改RBMS_ConFail的信号值描述 luof03 12.添加RBMS_CellTMUXFaiIDNbr的信号值描述 luof03
A8: V1.0.4 | B8: 2024/9/10 | C8: xuc01 | E8: BBMS_SumInfo中信号startbit修正
A9: V1.0.5 | B9: 2024/10/14 | C9: xuc01 | E9: 删除数据帧：RBMS_VendorVersionInfo 与 BBMS_VendorVersionInfo，这两帧信息在底层输出，不在通讯协议中体现
A10: V1.0.6 | B10: 2024/11/06 | C10: xuc01 | E10: add: TMS与参数阈值数据帧
A11: V1.0.7 | B11: 2024/11/12 | C11: zhangyf03 | E11: Sheet "Comm Matrix"： 1. 删除：数据帧BBMS_RTCInfo（底层已实现）、风扇控制信号HMI_CtrlBoxFanManualCtrl（MIC预制舱暂无风扇功能），列 Mapping Signal； 2. 新增列（用于自动化mapping）：Tx Mapping Signal(RBMS/BBMS)、Rx Mapping Signal(RBMS)、Rx Mapping Signal(BBMS)； 3. 新增数据帧（从已有数据帧中拆分得到）：HMI_TMSCtrlWord、HMI_BankDOCtrl、HMI_RackDOCtrl； 4. 修改错误名称 Falut -> Fault； Sheet "Message ID"： 1. 新增列：请求payload、BBMS-A； 2. BBMS_CtrlWord的HMI：Rx -> /；HMI_TMSCtrlWord/HMI_BankDOCtrl的RBMS：Rx -> /； 3. 根据新的BMS2.0协议重定义了cmdGroup、cmdid、请求payload、响应payload信息；
A12: V1.0.8 | B12: 2024/12/24 | C12: zhangyf03 | E12: Sheet "Comm Matrix": 1. 帧 TMS_Info：重命名为TMS_SumInfo，并与CANFD通信矩阵中TMS_SumInfo信号保持一致；补充mapping name； 2. 帧 ParaThr_TMS：修改信号 CcTHMC_EntCoolMaxTemUpLimtC 名称；修改数据类型为 fixdt(0, 16, 2^-6, -40)；删除目前未实现信号的mapping name； 3. 信号 RBMS_SumInfo/RBMS_DFCLPointTimeDay 的增益：0->1； 4. 分辨率修改： RBMS_LstChEkWh、RBMS_LstDchEkWh：0.0078125->0.1； BBMS_LstChEkWh、BBMS_LstDchEkWh：0.25->1； RBMS_IsoR、RBMS_IsoRPos、RBMS_IsoRNeg、BBMS_IsoRPos、BBMS_IsoRNeg：2->1； 5. mapping信号以及数据类型信号修改： RBMS_A: ScEMCT_RBMS_A -> ScSGPC_BatIA_dbug (fixdt(0, 32, 0.001, -2000)); RBMS_ModTmpMax: ScEMCT_RBMS_ModTmpMax -> ScCLTH_MaxCellTDegC (fixdt(0, 16, 2^-6, -40)); RBMS_ModTmpMin: ScEMCT_RBMS_ModTmpMin -> ScCLTH_MinCellTDegC (fixdt(0, 16, 2^-6, -40)); RBMS_ModTmpAvg: ScEMCT_RBMS_ModTmpAvg -> ScCLTH_AvgCellTDegC (fixdt(0, 16, 2^-6, -40)); RBMS_MaxPoleTDegC: ScEMCT_MaxPoleTDegC -> ScCLTH_MaxPoleTDegC (fixdt(0, 16, 2^-6, -40)); RBMS_MinPoleTDegC: ScEMCT_MinPoleTDegC -> ScCLTH_MinPoleTDegC (fixdt(0, 16, 2^-6, -40)); RBMS_AvgPoleTDegC: ScEMCT_AvgPoleTDegC -> ScCLTH_AvgPoleTDegC (fixdt(0, 16, 2^-6, -40)); RBMS_ModTmp: SaEMCT_RBMS_ModTmp -> SaCLTS_CellTDegC (fixdt(0, 16, 2^-6, -40)); RBMS_PoleTDegC: SaCLTS_CellTDegC (fixdt(0, 16, 2^-6, -40)); RBMS_MaxCellVMdulTDegC: ScCLTH_MaxCellVMdulTDegC (fixdt(0, 16, 2^-6, -40)); RBMS_MinCellVMdulTDegC: ScCLTH_MinCellVMdulTDegC (fixdt(0, 16, 2^-6, -40)); 6. 删除帧 BBMS_Forward，在底层实现； Sheet "Message ID"：TMS_Info -> TMS_SumInfo; 删除帧 BBMS_Forward；
A13: V1.0.9 | B13: 2024/12/27 | C13: zhangyf03 | E13: Sheet "Comm Matrix"：帧 ParaThr_CellV、ParaThr_RackI、ParaThr_ModuleT、ParaThr_SOX、ParaThr_AUX更新mapping信号名，并更新信号名与mapping信号名一致；； Sheet "Message ID"：更新各数据帧的接收/发送方； Sheet "Station ID"：修改IP Address；
A14: V1.0.10 | B14: 2025/01/06 | C14: zhangyf03 | E14: Sheet "Comm Matrix" & Sheet "Message ID"： 1. 新增帧 RBMS_PCBBdTemp，增加PCB板温及有效性数据； 2. 删除帧 ParaThd_TMS 中以 B/C 结尾的信号； 3. 帧 RBMS_Fault 只发给 BBMS_A，不再发给 BBMS_M；
A15: V1.0.11 | B15: 2025/01/13 | C15: zhangyf03 | E15: Sheet "Comm Matrix" & Sheet "Message ID"： 1. 帧 ParaThr_TMS：修改数据类型为 fixdt(0, 16, 2^-6, -40) -> fixdt(0, 8, 1, -40)； 2. 帧 RBMS_PCBBdTemp：接收方增加 HMI（但暂时无需HMI显示），便于与 BBMS_A 组播； 3. 帧 RBMS_SumInfo 中信号 RBMS_AccuDischrgAh、RBMS_AccuChrgAh：修改数据类型为 fixdt(0, 64, 0.001, 0) -> fixdt(0, 32, 1, 0)； 4. 上位机 DIDO 控制需求： a）本地/远程控制、使能控制、连接控制、故障清除、使能绝缘检测 已在原 HMI_CtlWord 帧实现；RBMS继电器强控 已在原 HMI_RackDOCtrl 中等效实现，重命名为 HMI_RBMSRlyCtrl； b）新增帧 HMI_RBMSDOCtrl、HMI_BBMSDOCtrl； c）DIDO状态显示已在底层实现；
... A18: V1.0.14 | B18: 2025/02/19 | C18: zhangyf03 | E18: Sheet "Comm Matrix"： 信号 RBMS_TMSFltLevel 的 Tx Mapping Signal：ScTMCR_TMSFltLevel→ScTMCR_TMSFltLevelState
A19: V1.0.15 | B19: 45713 | C19: zhangyf03 | E19: Sheet "Comm Matrix"： 帧 ParaThr_AUX 中删除信号 CcSOCA_FullChJudgeCellVmV、CcSOPC_FullDischCutVmV
A20: V1.0.16 | B20: 45727 | C20: zhangyf03 | E20: Sheet "Message ID": 1. 帧 RBMS_SumInfo 的 BBMS_M 列 "/" -> "Rx"； 2. 新增帧 RBMS_AFEVolt； Sheet "Comm Matrix"： 1. 根据 CANFD 通讯矩阵添加信号； 2. 新增帧 RBMS_AFEVolt； 3. 帧 RBMS_SumInfo： a）补充、修改"Rx Mapping Signal"列信号； b）对于涉及不同精度的电流、温度等信号，发给A核的信号名添加后缀"2"，对应的 Mapping 信号名称后添加后缀 "_A"；
A21: V1.0.17 | B21: 45737 | C21: zhangyf03 | E21: Sheet "Message ID": 1. 新增帧 HMI_RackFaultCali、HMI_BankFaultCali 相关命令，用于NVM批量标定故障次数； Sheet "Comm Matrix"： 1. 新增帧 HMI_RackFaultCali、HMI_BankFaultCali，用于NVM批量标定故障次数； 2. 帧 BBMS_SumInfo：信号 BBMS_ConFail 修改描述与 CANFD 中一致，删除信号 BBMS_CycleTimes； 3. 帧 RBMS_SumInfo：信号 RBMS_CellTMUXFaiIDNbr 变更，删除信号 RBMS_PoleTAllVldFlg； 4. SOX调试数据帧信号修改； 5. 帧 ParaThr_AUX：修改满充满放电压阈值信号；
A22: V1.0.18 | B22: 45744 | C22: zhangyf03 | E22: Sheet "Message ID": 1. 删除帧 HMI_RackFaultCali、HMI_BankFaultCali 的读取命令； Sheet "Comm Matrix"： 1. 帧 RBMS_SumInfo：删除信号 RBMS_CellOvTiNbr、RBMS_CellOvTempTiNbr、RBMS_FltProtnTiNbr；新增信号 RBMS_FltOvTiNbr，用于发送故障数组越限次数； 2. 帧 BBMS_SumInfo：新增信号 BBMS_FltOvTiNbr，用于发送故障数组越限次数；
A23: V1.0.19 | B23: 45748 | C23: zhangyf03 | E23: Sheet "Message ID": 新增帧 RBMS_PoleTemp； Sheet "Comm Matrix"：新增帧 RBMS_PoleTemp（从帧 RBMS_CellTemp 中将极柱温度单独拆分成一帧 ）；
A24: V1.0.20 | B24: 45754 | C24: zhangyf03 | E24: Sheet "Comm Matrix"：帧 RBMS_PCBBdTemp：修改有效性信号Byte数、温度信号offset为-40；
A25: V1.0.21 | B25: 45763 | C25: zhangyf03 | E25: Sheet "Comm Matrix"： 1. 帧 RBMS_SumInfo：添加Reserved信号避免解析错位；删除RBMS_CellVIdxMdulNbr、RBMS_TMdulIdxNbr；增加Rack最大、最小电压/温度电芯所在模组以及模组内位置信号；RBMS_ConSt信号bit10改为急停状态； 2. 帧 BBMS_SumInfo：修改Bank最大、最小电压/温度电芯所在Rack、模组、模组内位置Tx mapping信号（将BKPC信号替换原EMCT信号）； 3. 帧 RBMS_AFEVolt：补充Tx mapping信号；
A26: V1.0.22 | B26: 45776 | C26: zhangyf03 | E26: Sheet "Comm Matrix"： 帧 ParaThr_AUX：CbSGPC_BalFordCmdFlg->CbCBCC_BalFordCmdFlg；
A27: V1.0.23 | B27: 45789 | C27: zhangyf03 | E27: Sheet "Message ID": 新增帧 RBMS_PackPosNegConnTemp，Pack正负极连接件温度及其有效性； Sheet "Comm Matrix"： 1. 新增帧 RBMS_PackPosNegConnTemp； 2. 帧 RBMS_SumInfo：新增AFE菊花链主、副链节点数信号 RBMS_DaisyChain1LastNode、RBMS_DaisyChain2LastNode，；
A28: V1.0.24 | B28: 45791 | C28: zhangyf03 | E28: Sheet "Message ID"：删除帧 HMI_BroadcastSig； Sheet "Comm Matrix"： 1. 删除帧 HMI_BroadcastSig； 2. 帧 ParaThr_AUX：删除4个信号CcCSPC_FullDischSumV、FULL_DISCHARGE_CELLV、CcCSPC_FullChSumV、FULL_CHARGE_CELLV； 3. 帧 ParaThr_CellV：信号CcCLVH_MaxCellVOvLvl2FltVmV->FULL_CHARGE_CELLV、CcCLVH_MinCellVUvLvl2FltVmV->FULL_DISCHARGE_CELLV； 4. 修改信号描述：帧 BBMS_SumInfo/信号BBMS_ConFail、帧 ParaThr_CellV、帧 ParaThr_RackV；
A29: V1.0.25 | B29: 45798 | C29: zhangyf03 | E29: Sheet "Comm Matrix"：帧 RBMS_SumInfo：修改高压盒温度相关信号名称、描述、Mapping信号；
A30: V1.0.26 | B30: 45807 | C30: zhangyf03 | E30: Sheet "Message ID"： 1. 增加帧 HMI_FltOvTiNbr，用于标定RBMS/BBMS_M故障越限次数； 2. 增加列 Rx_cmdType，以区分接收命令类型； 3. 增加列 BBMS_A Store，以识别A核需要保存的数据； 4. 合并电压、温度数据帧： a. 帧 RBMS_CellV、RBMS_AFEVolt 合并至同一帧 RBMS_Volt； b. 帧 RBMS_CellTemp、RBMS_PoleTemp、RBMS_PackPosNegConnTemp、RBMS_PCBBdTemp 合并至同一帧 RBMS_Temp； Sheet "Comm Matrix"： 1. 帧 RBMS_SumInfo/RBMS_FltOvTiNbr[200] 与 帧BBMS_SumInfo/BBMS_FltOvTiNbr[200] 移至帧 HMI_FltOvTiNbr； 2. 将5s/10s/30s发送的EMCT模型输出更新为前置模块的输出变量； 3. 帧 RBMS_SumInfo 中删除部分无逻辑信号，与CAN保持一致； 4. 涉及维度信号优化： a. 删除有效性信号 RBMS_ModTmpVldFlg、RBMS_PoleTVldFlg、RBMS_PackPosNegConnTVldFlg（温度为-40时即为无效）； b. 电压、温度合并后数据帧 RBMS_Volt、RBMS_Temp：固定结构体维度，可变维度定义在Map信号中； 新增 Sheet "Device ID"：记录设备类型以及节点号；
... A48: V1.0.44 | B48: 46027 | C48: zhangyf03 | E48: Sheet "Message ID"：HMI_CtlWord 命令列"BBMS_A"由 / -> Rx； Sheet "Comm Matrix"：HMI_CtlWord：信号 HMI_AlmRst 增加 BBMS_A 的 Rx 信号，支持A核故障清除功能；

Sheet Legend
A1: Legend 矩阵说明 | D1: Requset 通信要求
A2: Property 属性 | B2: Description 描述 | D2: Property 属性 | E2: Description 描述
A3: Message Name 报文名称 | B3: 例：RBMS_CellV表示RBMS发送的CellV报文 | D3: Byte/Bit Order 排列格式 | E3: Intel Little Endian/LSB
A4: Message Send Type 报文发送类型 | B4: Periodic:固定周期发送; Event:事件未触发时不发送，事件触发时按快速周期发送N次，快速发送周期默认50ms，发送次数默认3次; IfActive:1.未触发时固定周期发送，触发后以较快周期发送；2.未触发时不发送，触发后以固定周期发送; PE:事件未触发时按固定周期发送，事件触发时按快速周期发送N次，快速发送周期默认50ms，发送次数默认3次; On Request:接收到请求后触发; | D4: Data Type 数据类型 | E4: Unsigned integer
A5: Message Periodic Time (ms) 报文周期时间 | B5: 单位：毫秒（ms） | D5: 说明： Big Endian 大端：一个数值的最高有效字节存放在最低的内存地址上 LSB (Least Significant Bit): 最低有效位, 最右边的一位, 从右到左发送
A6: Signal Name 信号名称 | B6: 例：RBMS_Life表示RACK BMS发送的生命值信号
A7: Signal Description 信号描述
A8: Byte 字节 | B8: 1-1500Byte
A9: Bit 位 | B9: 8-1Bit
A10: Signal Send Type 信号发送类型 | B10: Periodic OnChange OnChangeWithRepetition IfActive
A11: Bit Length (Bit) 信号长度
A12: Resolution 精度 | B12: Used to Transform the Hex Value to Physical Value or in Reverse Direction. [Physical Value] = ( [Hex Value] * [Resolution] ) + [Offset] 用于十六进制和物理值间的相互转换。 [物理值] = ( [十六进制值] * [精度] ) + [偏移量]
A13: Offset 偏移量 | B13: Offset Value of the Signal. 信号的偏移量。
A14: Signal Min. Value (phys) 物理最小值 | B14: Physical Minimum Value of the Signal in Physical Value 信号的物理最小值
A15: Signal Max. Value(phys) 物理最大值 | B15: Physical maximum Value of the signal in physical Value 信号的物理最大值
A16: Signal Max. Value(Raw) 原始最大值 | B16: Raw maximum Value of the signal in physical Value 信号的原始最大值
A17: Initial Value(Hex) 初始值 | B17: Predefined Value If no valid signal is Available after Network Startup. 网络启动后没有可用的有效值而预定义的值
A18: Unit 单位 | B18: Unit of the signal physical Value 信号物理值的单位
A19: Signal Value Description 信号值描述 | B19: Hex-Physics Representation of the Signal Value 信号十六进制值所代表的物理值
A20: Message Periodic Time Fast(ms) 报文的快速发送周期(ms) | B20: The Fast Periodic Time of Message if the Send Type is not Periodic. 若报文非周期发送而定义的快速发送周期。
A21: Message Nr. Of Reption 报文的快速发送次数 | B21: The Repetition Number of Message if the Send Type is not Periodic 若报文非周期发送而定义的快速发送次数。
A22: Message Delay Time(ms) 报文延时时间(ms) | B22: The Min Time between the Same Message if the Send Type is not Periodic 若报文非周期发送，相同报文间的最小时间间隔。

Sheet Station ID
B2: BMS No. | C2: IP Address
B3: Bank BMS | C3: 192.168.1.136
B4: Rack BMS #1 | C4: 192.168.1.137
B5: Rack BMS #2 | C5: 192.168.1.138
B6: Rack BMS #3 | C6: 192.168.1.139
B7: Rack BMS #4 | C7: 192.168.1.140
B8: Rack BMS #5 | C8: 192.168.1.141
B9: Rack BMS #6 | C9: 192.168.1.142
B10: Rack BMS #7 | C10: 192.168.1.143
B11: Rack BMS #8 | C11: 192.168.1.144
B12: Rack BMS #9 | C12: 192.168.1.145
B13: Rack BMS #10 | C13: 192.168.1.146
... B16: HMI | C16: 192.168.1.149

Sheet Message ID
A1: Message Name | B1: Description | C1: Send Type | D1: Periodic Time (ms) | E1: cmdGroup | F1: cmdid | G1: 命令类型 0x01:不需要回应的报文； 0x02:需要回应的报文； 0x03:回应的报文 | H1: 请求payload | I1: 响应payload | J1: HMI | K1: BBMS_A | L1: BBMS_M | M1: RBMS | N1: Rx_cmdType (RBMS/BBMS_M/BBMS_A) | O1: BBMS_A Store | P1: HMI Store | Q1: cmdNUm
A2: RBMS_SumInfo | B2: Rack 概要数据(系统状态、高压状态、接插件温度、消防干接点、TMS、FCU、温湿度、水浸传感器；SOX、持续和瞬时功率、电压温度概要、故障和心跳信号；可充/放容量电量) | C2: Periodic | D2: 1000 | E2: 0x03 | F2: 1 | G2: 0x01 | H2: struct RBMS_SumInfo | I2: / | J2: Rx | K2: Rx | L2: Rx | M2: Tx | N2: Set | O2: 1 | P2: 1 | Q2: =COUNTIF(A:A,A2) -> 1
A3: RBMS_Volt | B3: 电芯电压及其有效性、各AFE总压 | C3: Periodic | D3: 1000 | E3: 0x03 | F3: 2 | G3: 0x01 | H3: struct RBMS_Volt | I3: / | J3: Rx | K3: Rx | L3: / | M3: Tx | N3: Set | O3: 1 | P3: 1 | Q3: =COUNTIF(A:A,A3) -> 1
A4: RBMS_Temp | B4: 电芯温度、极柱温度、Pack正负极连接件温度、PCB板温及其有效性 | C4: Periodic | D4: 1000 | E4: 0x03 | F4: 3 | G4: 0x01 | H4: struct RBMS_Temp | I4: / | J4: Rx | K4: Rx | L4: / | M4: Tx | N4: Set | O4: 1 | P4: 1 | Q4: =COUNTIF(A:A,A4) -> 1
A5: RBMS_CellBalSt | B5: Cell Balancing State 电芯均衡状态 | C5: Periodic | D5: 10000 | E5: 0x03 | F5: 4 | G5: 0x01 | H5: struct RBMS_CellBalSt | I5: / | J5: Rx | K5: Rx | L5: / | M5: Tx | N5: Set | O5: 1 | P5: 1 | Q5: =COUNTIF(A:A,A5) -> 1
A6: RBMS_CellSdr | B6: 单体电芯自放电率 | C6: Periodic | D6: 30000 | E6: 0x03 | F6: 5 | G6: 0x01 | H6: struct RBMS_CellSdr | I6: / | J6: Rx | K6: Rx | L6: / | M6: Tx | N6: Set | O6: 0 | P6: 1 | Q6: =COUNTIF(A:A,A6) -> 1
A7: RBMS_Fault | B7: RBMS故障列表 | C7: Periodic | D7: 1000 | E7: 0x04 | F7: 1 | G7: 0x01 | H7: struct FaultFlags | I7: / | J7: Rx | K7: Rx | L7: / | M7: Tx | N7: Set | O7: 1 | P7: 1 | Q7: =COUNTIF(A:A,A7) -> 1
A8: BBMS_SumInfo | B8: Bank 概要数据 | C8: Periodic | D8: 1000 | E8: 0x02 | F8: 1 | G8: 0x01 | H8: struct BBMS_SumInfo | I8: / | J8: Rx | K8: Rx | L8: Tx | M8: / | N8: Set | O8: 1 | P8: 1 | Q8: =COUNTIF(A:A,A8) -> 1
A9: BBMS_Fault | B9: BMS故障列表 | C9: Periodic | D9: 1000 | E9: 0x04 | F9: 1 | G9: 0x01 | H9: struct FaultFlags | I9: / | J9: Rx | K9: Rx | L9: Tx | M9: / | N9: Set | O9: 1 | P9: 1 | Q9: =COUNTIF(A:A,A9) -> 1
A10: BBMS_CtlWord | B10: BBMS Control BBMS控制指令 | C10: Periodic | D10: 1000 | E10: 0x03 | F10: 7 | G10: 0x02 | H10: struct BBMS_CtlWord | I10: struct state{ uint8_t state; //00：写入成功，01：写入失败 } | J10: / | K10: / | L10: Tx | M10: Rx | N10: Set | O10: 0 | P10: 0 | Q10: =COUNTIF(A:A,A10) -> 2
A11: BBMS_CtlWord | B11: 存储所有Rack的BBMS控制命令 | C11: Periodic | D11: 1000 | E11: 0x02 | F11: 12 | G11: 0x01 | H11: struct BBMS_CtlWordAllRack | I11: / | J11: Rx | K11: Rx | L11: Tx | M11: / | N11: Set | O11: 1 | P11: 1 | Q11: =COUNTIF(A:A,A11) -> 2
A12: HMI_CtlWord | B12: HMI Control HMI 控制指令 | C12: OnChange | D12: / | E12: 0x04 | F12: 4 | G12: 0x02 | H12: struct HMI_CtlWord | I12: struct state{ uint8_t state; //00：写入成功，01：写入失败 } | J12: Tx | K12: Rx | L12: Rx | M12: Rx | N12: Set | O12: 0 | P12: 0 | Q12: =COUNTIF(A:A,A12) -> 1
A13: HMI_TMSCtrlWord | B13: HMI TMS控制指令(BBMS) | C13: OnChange | D13: / | E13: 0x02 | F13: 3 | G13: 0x02 | H13: struct HMI_TMSCtrlWord | I13: struct state{ uint8_t state; //00：写入成功，01：写入失败 } | J13: Tx | K13: / | L13: Rx | M13: / | N13: Set | O13: 0 | P13: 0 | Q13: =COUNTIF(A:A,A13) -> 2
A14: HMI_TMSCtrlWord | B14: HMI TMS控制指令(RBMS) | C14: OnChange | D14: / | E14: 0x03 | F14: 37 | G14: 0x02 | H14: struct HMI_TMSCtrlWord | I14: struct state{ uint8_t state; //00：写入成功，01：写入失败 } | J14: Tx | K14: / | L14: / | M14: Rx | N14: Set | O14: 0 | P14: 0 | Q14: =COUNTIF(A:A,A14) -> 2
A15: HMI_BankDOCtrl | B15: HMI三级板DO控制指令（灯） | C15: OnChange | D15: / | E15: 0x02 | F15: 4 | G15: 0x02 | H15: struct HMI_BankDOCtrl | I15: struct state{ uint8_t state; //00：写入成功，01：写入失败 } | J15: Tx | K15: / | L15: Rx | M15: / | N15: Set | O15: 0 | P15: 0 | Q15: =COUNTIF(A:A,A15) -> 1
A16: HMI_RackCaliCtrl | B16: Rack标定与控制 | C16: OnChange | D16: / | E16: 0x03 | F16: 8 | G16: 0x02 | H16: struct HMI_RackCaliCtrl | I16: struct state{ uint8_t state; //00：写入成功，01：写入失败 } | J16: Tx | K16: / | L16: / | M16: Rx | N16: Set | O16: 0 | P16: 0 | Q16: =COUNTIF(A:A,A16) -> 1
A17: HMI_RBMSRlyCtrl | B17: HMI二级板继电器强控指令 | C17: OnChange | D17: / | E17: 0x03 | F17: 9 | G17: 0x02 | H17: struct HMI_RBMSRlyCtrl | I17: struct state{ uint8_t state; //00：写入成功，01：写入失败 } | J17: Tx | K17: / | L17: / | M17: Rx | N17: Set | O17: 0 | P17: 0 | Q17: =COUNTIF(A:A,A17) -> 1
A18: TMS_SumInfo | B18: 热管理信息(BBMS) | C18: Periodic | D18: 1000 | E18: 0x02 | F18: 2 | G18: 0x01 | H18: struct TMS_SumInfo | I18: / | J18: Rx | K18: Rx | L18: Tx | M18: / | N18: Set | O18: 1 | P18: 1 | Q18: =COUNTIF(A:A,A18) -> 2
A19: TMS_SumInfo | B19: 热管理信息(RBMS) | C19: Periodic | D19: 1000 | E19: 0x03 | F19: 38 | G19: 0x01 | H19: struct TMS_SumInfo | I19: / | J19: Rx | K19: Rx | L19: / | M19: Tx | N19: Set | O19: 1 | P19: 1 | Q19: =COUNTIF(A:A,A19) -> 2
A20: ParaThr_CellV | B20: 读取-电压阈值参数 | C20: OnChange | D20: / | E20: 0x03 | F20: 10 | G20: 0x02 | H20: / | I20: struct ParaThr_CellV | J20: Tx | K20: / | L20: / | M20: Rx | N20: Get | O20: 0 | P20: 0 | Q20: =COUNTIF(A:A,A20) -> 2
A21: ParaThr_CellV | B21: 写入-电压阈值参数 | C21: OnChange | D21: / | E21: 0x03 | F21: 11 | G21: 0x02 | H21: struct ParaThr_CellV | I21: struct state{ uint8_t state; //00：写入成功，01：写入失败 } | J21: Tx | K21: / | L21: / | M21: Rx | N21: Set | O21: 0 | P21: 0 | Q21: =COUNTIF(A:A,A21) -> 2
A22: ParaThr_RackV | B22: 读取-簇电压阈值参数 | C22: OnChange | D22: / | E22: 0x03 | F22: 12 | G22: 0x02 | H22: / | I22: struct ParaThr_RackV | J22: Tx | K22: / | L22: / | M22: Rx | N22: Get | O22: 0 | P22: 0 | Q22: =COUNTIF(A:A,A22) -> 2
A23: ParaThr_RackV | B23: 写入-簇电压阈值参数 | C23: OnChange | D23: / | E23: 0x03 | F23: 13 | G23: 0x02 | H23: struct ParaThr_RackV | I23: struct state{ uint8_t state; //00：写入成功，01：写入失败 } | J23: Tx | K23: / | L23: / | M23: Rx | N23: Set | O23: 0 | P23: 0 | Q23: =COUNTIF(A:A,A23) -> 2
A24: ParaThr_RackI | B24: 读取-簇电流阈值参数 | C24: OnChange | D24: / | E24: 0x03 | F24: 14 | G24: 0x02 | H24: / | I24: struct ParaThr_RackI | J24: Tx | K24: / | L24: / | M24: Rx | N24: Get | O24: 0 | P24: 0 | Q24: =COUNTIF(A:A,A24) -> 2
A25: ParaThr_RackI | B25: 写入-簇电流阈值参数 | C25: OnChange | D25: / | E25: 0x03 | F25: 15 | G25: 0x02 | H25: struct ParaThr_RackI | I25: struct state{ uint8_t state; //00：写入成功，01：写入失败 } | J25: Tx | K25: / | L25: / | M25: Rx | N25: Set | O25: 0 | P25: 0 | Q25: =COUNTIF(A:A,A25) -> 2
A26: ParaThr_ModuleT | B26: 读取-温度阈值参数 | C26: OnChange | D26: / | E26: 0x03 | F26: 16 | G26: 0x02 | H26: / | I26: struct ParaThr_ModuleT | J26: Tx | K26: / | L26: / | M26: Rx | N26: Get | O26: 0 | P26: 0 | Q26: =COUNTIF(A:A,A26) -> 2
A27: ParaThr_ModuleT | B27: 写入-温度阈值参数 | C27: OnChange | D27: / | E27: 0x03 | F27: 17 | G27: 0x02 | H27: struct ParaThr_ModuleT | I27: struct state{ uint8_t state; //00：写入成功，01：写入失败 } | J27: Tx | K27: / | L27: / | M27: Rx | N27: Set | O27: 0 | P27: 0 | Q27: =COUNTIF(A:A,A27) -> 2
A28: ParaThr_SOX | B28: 读取-SOX阈值参数 | C28: OnChange | D28: / | E28: 0x03 | F28: 18 | G28: 0x02 | H28: / | I28: struct ParaThr_SOX | J28: Tx | K28: / | L28: / | M28: Rx | N28: Get | O28: 0 | P28: 0 | Q28: =COUNTIF(A:A,A28) -> 2
A29: ParaThr_SOX | B29: 写入-SOX阈值参数 | C29: OnChange | D29: / | E29: 0x03 | F29: 19 | G29: 0x02 | H29: struct ParaThr_SOX | I29: struct state{ uint8_t state; //00：写入成功，01：写入失败 } | J29: Tx | K29: / | L29: / | M29: Rx | N29: Set | O29: 0 | P29: 0 | Q29: =COUNTIF(A:A,A29) -> 2
A30: ParaThr_AUX | B30: 读取-AUX阈值参数 | C30: OnChange | D30: / | E30: 0x03 | F30: 20 | G30: 0x02 | H30: / | I30: struct ParaThr_AUX | J30: Tx | K30: / | L30: / | M30: Rx | N30: Get | O30: 0 | P30: 0 | Q30: =COUNTIF(A:A,A30) -> 2
A31: ParaThr_AUX | B31: 写入-AUX阈值参数 | C31: OnChange | D31: / | E31: 0x03 | F31: 21 | G31: 0x02 | H31: struct ParaThr_AUX | I31: struct state{ uint8_t state; //00：写入成功，01：写入失败 } | J31: Tx | K31: / | L31: / | M31: Rx | N31: Set | O31: 0 | P31: 0 | Q31: =COUNTIF(A:A,A31) -> 2
... A37: HMI_BBMSDOCtrl | B37: HMI三级板DO控制命令 | C37: OnChange | D37: / | E37: 0x02 | F37: 10 | G37: 0x02 | H37: struct HMI_BBMSDOCtrl | I37: struct state{ uint8_t state; //00：写入成功，01：写入失败 } | J37: Tx | K37: / | L37: Rx | M37: / | N37: Set | O37: 0 | P37: 0 | Q37: =COUNTIF(A:A,A37) -> 1
A38: RBMS_SOXdebugData1 | B38: SOX算法调试的输入数据，包含电流、电压、温度等 | C38: Periodic | D38: 1000 | E38: 0x03 | F38: 25 | G38: 0x01 | H38: struct RBMS_SOXdebugData1 | I38: / | J38: Rx | K38: Rx | L38: / | M38: Tx | N38: Set | O38: 1 | P38: 1 | Q38: =COUNTIF(A:A,A38) -> 1
A39: RBMS_SOXdebugData2 | B39: SOX算法调试的输出数据，包含SOC、SOHC、容量等 | C39: Periodic | D39: 1000 | E39: 0x03 | F39: 26 | G39: 0x01 | H39: struct RBMS_SOXdebugData2 | I39: / | J39: Rx | K39: Rx | L39: / | M39: Tx | N39: Set | O39: 1 | P39: 1 | Q39: =COUNTIF(A:A,A39) -> 1
A40: HMI_RackFaultCali | B40: 写入-Rack故障累积次数标定 | C40: OnChange | D40: / | E40: 0x03 | F40: 28 | G40: 0x02 | H40: struct HMI_RackFaultCali | I40: struct state{ uint8_t state; //00：写入成功，01：写入失败 } | J40: Tx | K40: / | L40: / | M40: Rx | N40: Set | O40: 0 | P40: 0 | Q40: =COUNTIF(A:A,A40) -> 1
A41: HMI_BankFaultCali | B41: 写入-Bank故障累积次数标定 | C41: OnChange | D41: / | E41: 0x02 | F41: 11 | G41: 0x02 | H41: struct HMI_BankFaultCali | I41: struct state{ uint8_t state; //00：写入成功，01：写入失败 } | J41: Tx | K41: / | L41: Rx | M41: / | N41: Set | O41: 0 | P41: 0 | Q41: =COUNTIF(A:A,A41) -> 1
A42: HMI_FltOvTiNbr | B42: 读取-RBMS/BBMS故障越限次数 | C42: OnChange | D42: / | E42: 0x04 | F42: 5 | G42: 0x02 | H42: / | I42: struct HMI_FltOvTiNbr | J42: Tx | K42: / | L42: Rx | M42: Rx | N42: Get | O42: 0 | P42: 0 | Q42: =COUNTIF(A:A,A42) -> 1
A43: RBMS_Debug | B43: 模型调试信息 | C43: Periodic | D43: 1000 | E43: 0x03 | F43: 23 | G43: 0x01 | H43: struct RBMS_Debug | I43: / | J43: Rx | K43: Rx | L43: / | M43: Tx | N43: Set | O43: 1 | P43: 1 | Q43: =COUNTIF(A:A,A43) -> 1
A44: BBMS_A_SOCInfo | B44: 单芯计算的SOC以及各簇SOC结果 | C44: Periodic | D44: 1000 | E44: 0x01 | F44: 7 | G44: 0x01 | H44: struct BBMS_A_SOCInfo | I44: / | J44: Rx | K44: Tx | L44: / | M44: / | N44: / | O44: 1 | P44: 1 | Q44: =COUNTIF(A:A,A44) -> 1
A45: BBMS_A_SOHInfo | B45: 单芯计算的SOH以及各簇SOH结果 | C45: Periodic | D45: 1000 | E45: 0x01 | F45: 8 | G45: 0x01 | H45: struct BBMS_A_SOHInfo | I45: / | J45: Rx | K45: Tx | L45: / | M45: / | N45: / | O45: 1 | P45: 1 | Q45: =COUNTIF(A:A,A45) -> 1
A46: BBMS_A_Fault | B46: BBMS_A核的故障列表 | C46: Periodic | D46: 1000 | E46: 0x01 | F46: 9 | G46: 0x01 | H46: struct FaultFlags | I46: / | J46: Rx | K46: Tx | L46: / | M46: / | N46: / | O46: 1 | P46: 1 | Q46: =COUNTIF(A:A,A46) -> 1
A47: HMI_FltEna | B47: 读取-故障使能数组 | C47: OnChange | D47: / | E47: 0x04 | F47: 8 | G47: 0x02 | H47: / | I47: struct FaultFlags | J47: Tx | K47: Rx | L47: Rx | M47: Rx | N47: Get | O47: 0 | P47: 0 | Q47: =COUNTIF(A:A,A47) -> 2
A48: HMI_FltEna | B48: 写入-故障使能数组 | C48: OnChange | D48: / | E48: 0x04 | F48: 9 | G48: 0x02 | H48: struct FaultFlags | I48: struct state{ uint8_t state; //00：写入成功，01：写入失败 } | J48: Tx | K48: Rx | L48: Rx | M48: Rx | N48: Set | O48: 0 | P48: 0 | Q48: =COUNTIF(A:A,A48) -> 2
A49: BBMS_A_Selfdr | B49: 读取-自放电率演变信息 | C49: OnChange | D49: / | E49: 0x01 | F49: 10 | G49: 0x02 | H49: / | I49: struct BBMS_A_Selfdr | J49: Tx | K49: Rx | L49: / | M49: / | N49: Get | O49: 0 | P49: 0 | Q49: =COUNTIF(A:A,A49) -> 1
A50: BBMS_SafetySignal | B50: 功能安全相关信号 | C50: Periodic | D50: 1000 | E50: 0x02 | F50: 14 | G50: 0x01 | H50: struct BBMS_SafetySignal | I50: / | J50: / | K50: / | L50: Tx | M50: Rx | N50: Set | O50: 0 | P50: 0 | Q50: =COUNTIF(A:A,A50) -> 1
A51: BBMS_A_CtlWord | B51: A核控制命令 | C51: Periodic | D51: 1000 | E51: 0x01 | F51: 14 | G51: 0x01 | H51: struct BBMS_A_CtlWord | I51: / | J51: / | K51: Tx | L51: Rx | M51: / | N51: Set | O51: 0 | P51: 0 | Q51: =COUNTIF(A:A,A51) -> 1

Sheet Comm Matrix
A1: Message Name | B1: Description | C1: Signal Name | D1: Signal Description | E1: Byte | F1: Start Bit | G1: Bit Length (Bit) | H1: Resolution | I1: offset | J1: Signal Min. Value (Valid) | K1: Signal Max. Value (Valid) | L1: Initial Value | M1: Unit | N1: CSV Store Length(Byte) | O1: Signal Value Description | P1: Upper Computer Display | Q1: remark | R1: Tx Mapping Signal (RBMS/BBMS_M/BBMS_A) | S1: Rx Mapping Signal (BBMS_A) | T1: Rx Mapping Signal (BBMS_M) | U1: Rx Mapping Signal (RBMS)
A2: RBMS_SumInfo | B2: =VLOOKUP(A2,'Message ID'!A:M,2,FALSE) -> Rack 概要数据(系统状态、高压状态、接插件温度、消防干接点、TMS、FCU、温湿度、水浸传感器；SOX、持续和瞬时功率、电压温度概要、故障和心跳信号；可充/放容量电量) | E2: 310 | N2: =SUM(N3:N131) -> 805
C3: RBMS_St | D3: Battery String Status 电池串工作状态 | E3: =IF(INT((F3+G3-1)/8)+1=INT(F3/8)+1,INT(F3/8)+1,INT(F3/8)+1&"-"&INT((F3+G3-1)/8)+1) -> 1 | F3: 0 | G3: 8 | H3: 1 | I3: 0 | J3: 0 | K3: =(POWER(2,G3)-1)*H3+I3 -> 255 | L3: 0 | M3: / | N3: =LEN(K3) -> 3 | O3: Bit0[1]: Rack Enable Status;Rack使能状态 Signal; 0X0-Disabled; 0X1-Enabled; Bit1[1]: Rack Online Status;Rack在线状态 Signal; 0X0-Offline; 0X1-Online; Bit2[1]: Rack Control Mode Status;Rack控制模式 Signal; 0X0-BMS Control; 0X1-Debug; Bit3[1]: Overall Balancing Status;均衡状态 Signal; 0X0-Stop; 0X1-Ongoing; Bit4[0]: Fault Hardline Status;故障路线状态 Signal; 0X0- Activitied; 0X1- Disactivitied; Bit5[1]: Green Light Status;绿灯状态 Signal; 0X0-Off; 0X1-On; Bit6[1]: Yellow Light Status;黄灯状态 Signal; 0X0-Off; 0X1-On; Bit7[1]: Red Light Status;红灯状态 Signal; 0X0-Off; 0X1-On; | P3: Rack状态,Rack Status[1,4] | R3: ScEMCT_RBMS_St | S3: BSWSRackSt | T3: BSWSRackSt | U3: /
C4: RBMS_ChaSt | D4: Rack Charging Status Rack充放电状态 | E4: =IF(INT((F4+G4-1)/8)+1=INT(F4/8)+1,INT(F4/8)+1,INT(F4/8)+1&"-"&INT((F4+G4-1)/8)+1) -> 2 | F4: =F3+G3 -> 8 | G4: 8 | H4: 1 | I4: 0 | J4: 0 | K4: =(POWER(2,G4)-1)*H4+I4 -> 255 | L4: 0 | M4: / | N4: =LEN(K4) -> 3 | O4: Enum 0X1: Not Connected; 0X2: Full Discharge; 0X3: Discharge; 0X4: Charge; 0X5: Full Charge; 0X6: Standing; | P4: Rack状态,Rack Status[1,5] | Q4: 模型逻辑不需要更新，仅更新显示 | R4: ScEMCT_RBMS_ChaSt | S4: / | T4: BSWSRackChaSt | U4: /
C5: RBMS_SysOperSt | D5: Rack Operating Status Rack运行状态 | E5: =IF(INT((F5+G5-1)/8)+1=INT(F5/8)+1,INT(F5/8)+1,INT(F5/8)+1&"-"&INT((F5+G5-1)/8)+1) -> 3 | F5: =F4+G4 -> 16 | G5: 8 | H5: 1 | I5: 0 | J5: 0 | K5: =(POWER(2,G5)-1)*H5+I5 -> 255 | L5: 0 | M5: / | N5: =LEN(K5) -> 3 | O5: Enum 0X1: Not Connected; 0X2: Starting; 0X3: Connected; 0X4: Reserved; 0X5: SOC Protection; 0X63: Fault; | P5: Rack状态,Rack Status[1,6] | Q5: xuc 0826：RBMS_SysOperSt中SOC低直接用SOC低故障 @张龙b 其他模型逻辑不需要更新，仅更新显示 | R5: ScEMCT_RBMS_SysOperSt | S5: / | T5: BSWSRackSysOperSt | U5: /
C6: RBMS_ConSt | D6: Contactor Status 继电器/干接点状态 | E6: =IF(INT((F6+G6-1)/8)+1=INT(F6/8)+1,INT(F6/8)+1,INT(F6/8)+1&"-"&INT((F6+G6-1)/8)+1) -> 4-5 | F6: =F5+G5 -> 24 | G6: 16 | H6: 1 | I6: 0 | J6: 0 | K6: =(POWER(2,G6)-1)*H6+I6 -> 65535 | L6: 0 | M6: / | N6: =LEN(K6) -> 5 | O6: Bit0[1]: Main Negative Contactor Status;主负继电器状态; Signal; 0X0-Open; 0X1-Closed; Bit1[1]: Main Positive Contactor Status;主正继电器状态; Signal; 0X0-Open; 0X1-Closed; Bit2[1]: Precharge Contactor Status;预充继电器状态 Signal; 0X0-Open; 0X1-Closed; Bit3[0]: Reserved;保留 Signal; 0X0-Open; 0X1-Closed; Bit4[0]: Reserved;保留 Signal; 0X0-Open; 0X1-Closed; Bit5[0]: Reserved;保留 Signal; 0X0-Open; 0X1-Closed; Bit6[1]: QS Switch Status;隔离开关QS状态 Signal; 0X0-Closed; 0X1-Open; Bit7[1]: HV Interlock Status;高压互锁状态 Signal; 0X0-Closed; 0X1-Open; Bit8-Bit9[0]: HV Box Cooling Fan Status;高压箱冷却风扇状态 Signal; 0X0-Open; 0X1-Closed; Bit10[1]: EStop Status;急停状态 Signal; 0X0-Closed; 0X1-Open; Bit11[0]: Reserved;保留 Signal； 0X0-Open; 0X1-Closed; Bit12[0]: Reserved;保留 Signal; 0X0-Open; 0X1-Closed; Bit13[0]: Reserved;保留 Signal; 0X0-Open; 0X1-Closed; Bit14[1]: Isolation Finished Flag;绝缘完成标志 Signal; 0X0-No; 0X1-Yes; Bit15[1]: Door Open Status;电柜门状态 Signal; 0X0-Closed; 0X1-Open; | P6: Rack状态,Rack Status[1,8] | R6: ScEMCT_RBMS_ConSt | S6: / | T6: BSWSRackConSt | U6: /
C7: RBMS_ConFail | D7: HV Connect Fail Reason 高压连接失败原因 | E7: =IF(INT((F7+G7-1)/8)+1=INT(F7/8)+1,INT(F7/8)+1,INT(F7/8)+1&"-"&INT((F7+G7-1)/8)+1) -> 6-7 | F7: =F6+G6 -> 40 | G7: 16 | H7: 1 | I7: 0 | J7: 0 | K7: =(POWER(2,G7)-1)*H7+I7 -> 65535 | L7: 0 | M7: / | N7: =LEN(K7) -> 5 | O7: Enums Bit0: Insulation Unfinished Bit1: Debug Mode Bit2: Battery String Disabled Bit3: EMS Trip Bit4: Extreme Fault CRC Check Failed Bit5: Precharge Timeout Bit6: Hv Differential not Achieved During Precharge Phase Bit7: Precharge Fault Set Bit8: Relay Fault Set Bit9: RBMS has Level 1 Fault Bit10: Hv Control Mode Disconnected Bit11: Extreme Fault Set Bit12: Emergency Stop Signal Set | P7: Rack状态,Rack Status[1,7] | R7: ScEMCT_RBMS_ConFail | S7: / | T7: BSWSRackConFail | U7: /
C8: RBMS_V | D8: Battery String Voltage (V) 电池串电压 (V) | E8: =IF(INT((F8+G8-1)/8)+1=INT(F8/8)+1,INT(F8/8)+1,INT(F8/8)+1&"-"&INT((F8+G8-1)/8)+1) -> 8-9 | F8: =F7+G7 -> 56 | G8: 16 | H8: 0.5 | I8: 0 | J8: 0 | K8: =(POWER(2,G8)-1)*H8+I8 -> 32767.5 | L8: 0 | M8: V | N8: =LEN(K8) -> 7 | P8: Rack采样信息,Rack Sampling Information[3,11] | R8: ScEMCT_RBMS_V | S8: / | T8: BSWSRackV | U8: /
C9: RBMS_DCBusV | D9: DC Bus Voltage (V) 总线电压 (V) | E9: =IF(INT((F9+G9-1)/8)+1=INT(F9/8)+1,INT(F9/8)+1,INT(F9/8)+1&"-"&INT((F9+G9-1)/8)+1) -> 10-11 | F9: =F8+G8 -> 72 | G9: 16 | H9: 0.5 | I9: 0 | J9: 0 | K9: =(POWER(2,G9)-1)*H9+I9 -> 32767.5 | L9: 0 | M9: V | N9: =LEN(K9) -> 7 | P9: Rack采样信息,Rack Sampling Information[3,12] | R9: ScEMCT_RBMS_DCBusV | S9: / | T9: BSWSRackDCBusV | U9: /
C10: RBMS_A_HighAccu | D10: DC Bus Current (A) (High accu) 总线电流 (A) (高精度) | E10: =IF(INT((F10+G10-1)/8)+1=INT(F10/8)+1,INT(F10/8)+1,INT(F10/8)+1&"-"&INT((F10+G10-1)/8)+1) -> 12-15 | F10: =F9+G9 -> 88 | G10: 32 | H10: 0.001 | I10: -2000 | J10: -2000 | K10: =(POWER(2,G10)-1)*H10+I10 -> 4292967.3 | L10: 0 | M10: A | N10: =LEN(K10) -> 11 | Q10: songx0830：簇电流是否可以直接用single? xuc 0904: 已提高分辨率 | R10: ScSGPC_BatIA | S10: / | T10: / | U10: /
C11: RBMS_IsoR | D11: Insulation Resistance (kOhm) 绝缘阻值 (kOhm) | E11: =IF(INT((F11+G11-1)/8)+1=INT(F11/8)+1,INT(F11/8)+1,INT(F11/8)+1&"-"&INT((F11+G11-1)/8)+1) -> 16-17 | F11: =F10+G10 -> 120 | G11: 16 | H11: 1 | I11: 0 | J11: 0 | K11: =(POWER(2,G11)-1)*H11+I11 -> 65535 | L11: 0 | M11: kOhm | N11: =LEN(K11) -> 5 | P11: Rack采样信息,Rack Sampling Information[3,4] | R11: ScEMCT_RBMS_IsoR | S11: / | T11: BSWSRackIsoR | U11: /
C12: RBMS_HvBoxMaxTemp | D12: Max HV Box Temperature (℃) 最高高压箱温度 (℃) | E12: =IF(INT((F12+G12-1)/8)+1=INT(F12/8)+1,INT(F12/8)+1,INT(F12/8)+1&"-"&INT((F12+G12-1)/8)+1) -> 18-19 | F12: =F11+G11 -> 136 | G12: 16 | H12: 0.1 | I12: -40 | J12: -40 | K12: =(POWER(2,G12)-1)*H12+I12 -> 6513.5 | L12: 0 | M12: ℃ | N12: =LEN(K12) -> 6 | P12: Rack采样信息,Rack Sampling Information[3,30] | R12: ScCLTH_CtlBoxTMaxDegC | S12: / | T12: BSWSRackMaxHvBoxTDegC | U12: /
C13: RBMS_HvBoxMinTemp | D13: Min HV Box Temperature (℃) 最低高压箱温度 (℃) | E13: =IF(INT((F13+G13-1)/8)+1=INT(F13/8)+1,INT(F13/8)+1,INT(F13/8)+1&"-"&INT((F13+G13-1)/8)+1) -> 20-21 | F13: =F12+G12 -> 152 | G13: 16 | H13: 0.1 | I13: -40 | J13: -40 | K13: =(POWER(2,G13)-1)*H13+I13 -> 6513.5 | L13: 0 | M13: ℃ | N13: =LEN(K13) -> 6 | P13: Rack采样信息,Rack Sampling Information[3,31] | R13: ScCLTH_CtlBoxTMinDegC | S13: / | T13: BSWSRackMinHvBoxTDegC | U13: /
C14: Reserved3 | D14: Reserved3 预留占位3 | E14: =IF(INT((F14+G14-1)/8)+1=INT(F14/8)+1,INT(F14/8)+1,INT(F14/8)+1&"-"&INT((F14+G14-1)/8)+1) -> 22 | F14: =F13+G13 -> 168 | G14: 8 | H14: 1 | I14: 0 | J14: 0 | K14: =(POWER(2,G14)-1)*H14+I14 -> 255 | L14: 0 | M14: / | N14: 0 | R14: / | S14: / | T14: / | U14: /
C15: RBMS_LowPowSply | D15: Low Power Supply Voltage (mV) 低压供电电压 (mV) | E15: =IF(INT((F15+G15-1)/8)+1=INT(F15/8)+1,INT(F15/8)+1,INT(F15/8)+1&"-"&INT((F15+G15-1)/8)+1) -> 23-24 | F15: =F14+G14 -> 176 | G15: 16 | H15: 1 | I15: 0 | J15: 0 | K15: =(POWER(2,G15)-1)*H15+I15 -> 65535 | L15: 0 | M15: mV | N15: =LEN(K15) -> 5 | P15: Rack采样信息,Rack Sampling Information[3,9] | R15: ScEMCT_RBMS_LowPowSply | S15: / | T15: BSWSRackLowPowSply | U15: /
C16: RBMS_RlyCtrlSeqStState | D16: Relay Control Status 继电器控制状态 | E16: =IF(INT((F16+G16-1)/8)+1=INT(F16/8)+1,INT(F16/8)+1,INT(F16/8)+1&"-"&INT((F16+G16-1)/8)+1) -> 25 | F16: =F15+G15 -> 192 | G16: 4 | H16: 1 | I16: 0 | J16: 0 | K16: =(POWER(2,G16)-1)*H16+I16 -> 15 | L16: 0 | M16: / | N16: =LEN(K16) -> 2 | O16: Enum 0X0: Initial; 0X1: ClsMainNeg; 0X2: ClsPrech; 0X3: ClsMainPos; 0X4: Online; 0X5: WaitForCurrDwn; 0X6: OpenMainPos; 0X7: OpenMainNeg; 0X8: DlyForNxtPowup; 0X9: Service; 0XA: SftyOpenMainPos; 0XB: SftyOpenMainNeg; 0XC: SftyDlyForNxtPowup; | P16: Rack状态,Rack Status[1,9] | R16: SeCTSC_RlyCtrlSeqStState | S16: / | U16: /
C17: Reserved | D17: Reserved 预留占位 | E17: =IF(INT((F17+G17-1)/8)+1=INT(F17/8)+1,INT(F17/8)+1,INT(F17/8)+1&"-"&INT((F17+G17-1)/8)+1) -> 25 | F17: =F16+G16 -> 196 | G17: 4 | H17: 1 | I17: 0 | J17: 0 | K17: =(POWER(2,G17)-1)*H17+I17 -> 15 | L17: 0 | M17: / | N17: 0 | R17: / | S17: / | T17: / | U17: /
C18: Reserved1 | D18: Reserved1 预留占位1 | E18: =IF(INT((F18+G18-1)/8)+1=INT(F18/8)+1,INT(F18/8)+1,INT(F18/8)+1&"-"&INT((F18+G18-1)/8)+1) -> 26 | F18: =F17+G17 -> 200 | G18: 8 | H18: 1 | I18: 0 | J18: 0 | K18: =(POWER(2,G18)-1)*H18+I18 -> 255 | L18: 0 | M18: / | N18: 0 | R18: / | S18: / | T18: / | U18: /
C19: RBMS_HisSleepTiWrMin | D19: Rack History Sleep Time (min) 历史休眠时间 (min) | E19: =IF(INT((F19+G19-1)/8)+1=INT(F19/8)+1,INT(F19/8)+1,INT(F19/8)+1&"-"&INT((F19+G19-1)/8)+1) -> 27-30 | F19: =F18+G18 -> 208 | G19: 32 | H19: 1 | I19: 0 | J19: 0 | K19: =(POWER(2,G19)-1)*H19+I19 -> 4294967295 | L19: 0 | M19: Min | N19: =LEN(K19) -> 10 | P19: Rack历史信息,Rack History Information[4,1] | R19: ScEMCT_RBMS_HisSleepTiWrMin | S19: / | T19: BSWSRackHisSleepTiWrMin | U19: /
C20: RBMS_HisRunTiWrMin | D20: Rack History Run Time (min) 历史运行时间 (min) | E20: =IF(INT((F20+G20-1)/8)+1=INT(F20/8)+1,INT(F20/8)+1,INT(F20/8)+1&"-"&INT((F20+G20-1)/8)+1) -> 31-34 | F20: =F19+G19 -> 240 | G20: 32 | H20: 1 | I20: 0 | J20: 0 | K20: =(POWER(2,G20)-1)*H20+I20 -> 4294967295 | L20: 0 | M20: Min | N20: =LEN(K20) -> 10 | P20: Rack历史信息,Rack History Information[4,2] | R20: ScEMCT_RBMS_HisRunTiWrMin | S20: / | T20: BSWSRackHisRunTiWrMin | U20: /
C21: RBMS_LstSleepDurTiMin | D21: Last Power-down Sleep Time (min) 上次下电休眠时间 (min) | E21: =IF(INT((F21+G21-1)/8)+1=INT(F21/8)+1,INT(F21/8)+1,INT(F21/8)+1&"-"&INT((F21+G21-1)/8)+1) -> 35-38 | F21: =F20+G20 -> 272 | G21: 32 | H21: 1 | I21: 0 | J21: 0 | K21: =(POWER(2,G21)-1)*H21+I21 -> 4294967295 | L21: 0 | M21: Min | N21: =LEN(K21) -> 10 | R21: ScSGPC_LstSleepDurTiMin | S21: / | U21: /
C22: RBMS_IDLearnCodeSt | D22: Rack ID Learn Status Rack ID编码状态 | E22: =IF(INT((F22+G22-1)/8)+1=INT(F22/8)+1,INT(F22/8)+1,INT(F22/8)+1&"-"&INT((F22+G22-1)/8)+1) -> 39 | F22: =F21+G21 -> 304 | G22: 8 | H22: 1 | I22: 0 | J22: 0 | K22: =(POWER(2,G22)-1)*H22+I22 -> 255 | L22: 0 | M22: / | N22: =LEN(K22) -> 3 | O22: Enum 0X0: Initial; 0X1: Addressing; 0X2: Present RBMS Finished; 0X3: All RBMS Finished; 0X4: Failed; | P22: Rack状态,Rack Status[1,2] | R22: ScEMCT_RBMS_IDLearnCodeSt | S22: / | U22: /
C23: RBMS_IsoRPos | D23: Positive to GND Insulation Resistance (kOhm) 正对地绝缘阻值 (kOhm) | E23: =IF(INT((F23+G23-1)/8)+1=INT(F23/8)+1,INT(F23/8)+1,INT(F23/8)+1&"-"&INT((F23+G23-1)/8)+1) -> 40-41 | F23: =F22+G22 -> 312 | G23: 16 | H23: 1 | I23: 0 | J23: 0 | K23: =(POWER(2,G23)-1)*H23+I23 -> 65535 | L23: 0 | M23: kOhm | N23: =LEN(K23) -> 5 | R23: ScEMCT_RBMS_IsoRPos | S23: / | T23: BSWSRackIsoRPos | U23: /
C24: RBMS_IsoRNeg | D24: Negative to GND Insulation Resistance (kOhm) 负对地绝缘阻值 (kOhm) | E24: =IF(INT((F24+G24-1)/8)+1=INT(F24/8)+1,INT(F24/8)+1,INT(F24/8)+1&"-"&INT((F24+G24-1)/8)+1) -> 42-43 | F24: =F23+G23 -> 328 | G24: 16 | H24: 1 | I24: 0 | J24: 0 | K24: =(POWER(2,G24)-1)*H24+I24 -> 65535 | L24: 0 | M24: kOhm | N24: =LEN(K24) -> 5 | R24: ScEMCT_RBMS_IsoRNeg | S24: / | T24: BSWSRackIsoRNeg | U24: /
C25: RBMS_CmdInhibitFlg | D25: Insulation Disable Flag 绝缘禁止标志位 | E25: =IF(INT((F25+G25-1)/8)+1=INT(F25/8)+1,INT(F25/8)+1,INT(F25/8)+1&"-"&INT((F25+G25-1)/8)+1) -> 44 | F25: =F24+G24 -> 344 | G25: 8 | H25: 1 | I25: 0 | J25: 0 | K25: 1 | L25: 0 | M25: flg | N25: =LEN(K25) -> 1 | O25: Enum 0X0: Enable 0X1: Disable | R25: ScEMCT_RBMS_CmdInhibitFlg | S25: / | T25: BSWSRackCmdInhibitFlg | U25: /
C26: RBMS_IslnHvVldNbr | D26: Insulation High Voltage Validity Status 绝缘高压有效性状态 | E26: =IF(INT((F26+G26-1)/8)+1=INT(F26/8)+1,INT(F26/8)+1,INT(F26/8)+1&"-"&INT((F26+G26-1)/8)+1) -> 45 | F26: =F25+G25 -> 352 | G26: 8 | H26: 1 | I26: 0 | J26: 0 | K26: =(POWER(2,G26)-1)*H26+I26 -> 255 | L26: 0 | M26: / | N26: =LEN(K26) -> 3 | O26: Bit0[0]: Hv Battery Validity;高压有效性 Signal; 0X0-Invalid; 0X1-Valid; Bit1[0]: Postive Voltage Validity;正极电压有效性 Signal; 0X0-Invalid; 0X1-Valid; Bit2[0]: Negetive Voltage Validity;负极电压有效性 Signal; 0X0-Invalid; 0X1-Valid; | Q26: 统一按照bit 长度设置最大值 | R26: ScEMCT_RBMS_IslnHvVldNbr | S26: / | T26: BSWSRackIslnHvVldNbr | U26: /
C27: RBMS_IslnInhibitNbr | D27: Insulation Prohibition Reason 绝缘禁止原因 | E27: =IF(INT((F27+G27-1)/8)+1=INT(F27/8)+1,INT(F27/8)+1,INT(F27/8)+1&"-"&INT((F27+G27-1)/8)+1) -> 46 | F27: =F26+G26 -> 360 | G27: 8 | H27: 1 | I27: 0 | J27: 0 | K27: =(POWER(2,G27)-1)*H27+I27 -> 255 | L27: 0 | M27: / | N27: =LEN(K27) -> 3 | O27: Enum 0X0: Normal; 0X1: HMI Insulation Prohibition; 0X2: Insulation-related Voltage Invalid; 0X3: Hv Insulation Prohibition; 0X4: XCP Configuration Insulation Prohibition; | P27: Rack状态,Rack Status[1,10] | R27: ScEMCT_RBMS_IslnInhibitNbr | S27: / | T27: BSWSRackIslnInhibitNbr | U27: /
C28: RBMS_CellTMUXFaiIDNbr[RACK_TEMPERATURE_SENSOR_MUX_NUMBER] | D28: Temp Sampling MUX Fail Position 温度采样MUX失效位置 | E28: 47-110 | F28: =F27+G27 -> 368 | G28: 8 | H28: 1 | I28: 0 | J28: 0 | K28: =(POWER(2,G28)-1)*H28+I28 -> 255 | L28: 0 | M28: / | N28: =1*9+2*(64-9) -> 119 | P28: Rack采样信息,Rack Sampling Information[3,19] | Q28: 所有失效的MUX位置，MUX编号索引从1开始，末尾用0填充 | R28: SaEMCT_RBMS_CellTMUXFaiIDNbr | S28: / | T28: / | U28: /
C29: RBMS_SoC | D29: Rack SOC (%) Rack SOC（%） | E29: =IF(INT((F29+G29-1)/8)+1=INT(F29/8)+1,INT(F29/8)+1,INT(F29/8)+1&"-"&INT((F29+G29-1)/8)+1) -> 111 | F29: 880 | G29: 8 | H29: 0.5 | I29: 0 | J29: 0 | K29: =(POWER(2,G29)-1)*H29+I29 -> 127.5 | L29: 0 | M29: % | N29: =LEN(K29) -> 5 | P29: Rack SOX状态,Rack SOX Status[2,1] | Q29: 发送显示SOC | R29: ScEMCT_RBMS_SoC | S29: / | T29: BSWSRackSoC | U29: /
C30: RBMS_SoH | D30: Rack SOH (%) Rack SOH（%） | E30: =IF(INT((F30+G30-1)/8)+1=INT(F30/8)+1,INT(F30/8)+1,INT(F30/8)+1&"-"&INT((F30+G30-1)/8)+1) -> 112 | F30: =F29+G29 -> 888 | G30: 8 | H30: 1 | I30: 0 | J30: 0 | K30: =(POWER(2,G30)-1)*H30+I30 -> 255 | L30: 100 | M30: % | N30: =LEN(K30) -> 3 | P30: Rack SOX状态,Rack SOX Status[2,2] | Q30: 发送显示SOH | R30: ScEMCT_RBMS_SoH | S30: / | T30: BSWSRackSoH | U30: /
C31: RBMS_SoEC | D31: Rack SOE for Charge (kWh) Rack可充能量 (kWh) | E31: =IF(INT((F31+G31-1)/8)+1=INT(F31/8)+1,INT(F31/8)+1,INT(F31/8)+1&"-"&INT((F31+G31-1)/8)+1) -> 113-114 | F31: =F30+G30 -> 896 | G31: 16 | H31: 0.125 | I31: 0 | J31: 0 | K31: =(POWER(2,G31)-1)*H31+I31 -> 8191.875 | L31: 0 | M31: kWh | N31: =LEN(K31) -> 8 | P31: Rack SOX状态,Rack SOX Status[2,6] | R31: ScEMCT_RBMS_SoEC | S31: / | T31: BSWSRackSoEC | U31: /
C32: RBMS_SoED | D32: Rack SOE for Discharge (kWh) Rack可放能量 (kWh) | E32: =IF(INT((F32+G32-1)/8)+1=INT(F32/8)+1,INT(F32/8)+1,INT(F32/8)+1&"-"&INT((F32+G32-1)/8)+1) -> 115-116 | F32: =F31+G31 -> 912 | G32: 16 | H32: 0.125 | I32: 0 | J32: 0 | K32: =(POWER(2,G32)-1)*H32+I32 -> 8191.875 | L32: 0 | M32: kWh | N32: =LEN(K32) -> 8 | P32: Rack SOX状态,Rack SOX Status[2,7] | R32: ScEMCT_RBMS_SoED | S32: / | T32: BSWSRackSoED | U32: /
C33: RBMS_SoFPulseChrgCurr | D33: Pulse Charge Curr Limit (A) 脉冲充电电流限制 (A) | E33: =IF(INT((F33+G33-1)/8)+1=INT(F33/8)+1,INT(F33/8)+1,INT(F33/8)+1&"-"&INT((F33+G33-1)/8)+1) -> 117-118 | F33: =F32+G32 -> 928 | G33: 16 | H33: 0.125 | I33: 0 | J33: 0 | K33: =(POWER(2,G33)-1)*H33+I33 -> 8191.875 | L33: 0 | M33: A | N33: =LEN(K33) -> 8 | R33: ScEMCT_RBMS_SoFPulseChrgCurr | S33: / | T33: BSWSRackSoFPulseChrgCurr | U33: /
C34: RBMS_SoFPulseDisChrgCurr | D34: Pulse Discharge Curr Limit (A) 脉冲放电电流限制 (A) | E34: =IF(INT((F34+G34-1)/8)+1=INT(F34/8)+1,INT(F34/8)+1,INT(F34/8)+1&"-"&INT((F34+G34-1)/8)+1) -> 119-120 | F34: =F33+G33 -> 944 | G34: 16 | H34: 0.125 | I34: 0 | J34: 0 | K34: =(POWER(2,G34)-1)*H34+I34 -> 8191.875 | L34: 0 | M34: A | N34: =LEN(K34) -> 8 | R34: ScEMCT_RBMS_SoFPulseDisChrgCurr | S34: / | T34: BSWSRackSoFPulseDisChrgCurr | U34: /
C35: RBMS_SoFPulseChrgPwr | D35: Pulse Charge Power Limit (kW) 脉冲充电功率限制 (kW) | E35: =IF(INT((F35+G35-1)/8)+1=INT(F35/8)+1,INT(F35/8)+1,INT(F35/8)+1&"-"&INT((F35+G35-1)/8)+1) -> 121-122 | F35: =F34+G34 -> 960 | G35: 16 | H35: 0.125 | I35: 0 | J35: 0 | K35: =(POWER(2,G35)-1)*H35+I35 -> 8191.875 | L35: 0 | M35: kW | N35: =LEN(K35) -> 8 | R35: ScEMCT_RBMS_SoFPulseChrgPwr | S35: / | T35: BSWSRackSoFPulseChrgPwr | U35: /
C36: RBMS_SoFPulseDisChrgPwr | D36: Pulse Discharge Power Limit (kW) 脉冲放电功率限制 (kW) | E36: =IF(INT((F36+G36-1)/8)+1=INT(F36/8)+1,INT(F36/8)+1,INT(F36/8)+1&"-"&INT((F36+G36-1)/8)+1) -> 123-124 | F36: =F35+G35 -> 976 | G36: 16 | H36: 0.125 | I36: 0 | J36: 0 | K36: =(POWER(2,G36)-1)*H36+I36 -> 8191.875 | L36: 0 | M36: kW | N36: =LEN(K36) -> 8 | R36: ScEMCT_RBMS_SoFPulseDisChrgPwr | S36: / | T36: BSWSRackSoFPulseDisChrgPwr | U36: /
C37: RBMS_SoFContChrgCurr | D37: Const Charge Curr Limit (A) 持续充电电流限制 (A) | E37: =IF(INT((F37+G37-1)/8)+1=INT(F37/8)+1,INT(F37/8)+1,INT(F37/8)+1&"-"&INT((F37+G37-1)/8)+1) -> 125-126 | F37: =F36+G36 -> 992 | G37: 16 | H37: 0.125 | I37: 0 | J37: 0 | K37: =(POWER(2,G37)-1)*H37+I37 -> 8191.875 | L37: 0 | M37: A | N37: =LEN(K37) -> 8 | P37: Rack SOX状态,Rack SOX Status[2,8] | R37: ScEMCT_RBMS_SoFContChrgCurr | S37: / | T37: BSWSRackSoFContChrgCurr | U37: /
C38: RBMS_SoFContDisChrgCurr | D38: Const Discharge Curr Limit (A) 持续放电电流限制 (A) | E38: =IF(INT((F38+G38-1)/8)+1=INT(F38/8)+1,INT(F38/8)+1,INT(F38/8)+1&"-"&INT((F38+G38-1)/8)+1) -> 127-128 | F38: =F37+G37 -> 1008 | G38: 16 | H38: 0.125 | I38: 0 | J38: 0 | K38: =(POWER(2,G38)-1)*H38+I38 -> 8191.875 | L38: 0 | M38: A | N38: =LEN(K38) -> 8 | P38: Rack SOX状态,Rack SOX Status[2,9] | R38: ScEMCT_RBMS_SoFContDisChrgCurr | S38: / | T38: BSWSRackSoFContDisChrgCurr | U38: /
C39: RBMS_SoFContChrgPwr | D39: Const Charge Power Limit (kW) 持续充电功率限制 (kW) | E39: =IF(INT((F39+G39-1)/8)+1=INT(F39/8)+1,INT(F39/8)+1,INT(F39/8)+1&"-"&INT((F39+G39-1)/8)+1) -> 129-130 | F39: =F38+G38 -> 1024 | G39: 16 | H39: 0.125 | I39: 0 | J39: 0 | K39: =(POWER(2,G39)-1)*H39+I39 -> 8191.875 | L39: 0 | M39: kW | N39: =LEN(K39) -> 8 | R39: ScEMCT_RBMS_SoFContChrgPwr | S39: / | T39: BSWSRackSoFContChrgPwr | U39: /
C40: RBMS_SoFContDisChrgPwr | D40: Const Discharge Power Limit (kW) 持续放电功率限制 (kW) | E40: =IF(INT((F40+G40-1)/8)+1=INT(F40/8)+1,INT(F40/8)+1,INT(F40/8)+1&"-"&INT((F40+G40-1)/8)+1) -> 131-132 | F40: =F39+G39 -> 1040 | G40: 16 | H40: 0.125 | I40: 0 | J40: 0 | K40: =(POWER(2,G40)-1)*H40+I40 -> 8191.875 | L40: 0 | M40: kW | N40: =LEN(K40) -> 8 | R40: ScEMCT_RBMS_SoFContDisChrgPwr | S40: / | T40: BSWSRackSoFContDisChrgPwr | U40: /
C41: RBMS_CellVMax | D41: Max Cell Voltage (mV) 最大电芯电压 (mV) | E41: =IF(INT((F41+G41-1)/8)+1=INT(F41/8)+1,INT(F41/8)+1,INT(F41/8)+1&"-"&INT((F41+G41-1)/8)+1) -> 133-134 | F41: =F40+G40 -> 1056 | G41: 14 | H41: 1 | I41: 0 | J41: 0 | K41: 5000 | L41: 0 | M41: mV | N41: =LEN(K41) -> 4 | P41: Rack采样信息,Rack Sampling Information[3,13] | R41: ScCLVH_MaxCellVmV | S41: / | T41: BSWSRackCellVMax | U41: /
C42: RBMS_CellVMaxPstn | D42: Max Cell Voltage Position 最大电芯电压位置 | E42: =IF(INT((F42+G42-1)/8)+1=INT(F42/8)+1,INT(F42/8)+1,INT(F42/8)+1&"-"&INT((F42+G42-1)/8)+1) -> 134-136 | F42: =F41+G41 -> 1070 | G42: 11 | H42: 1 | I42: 0 | J42: 0 | K42: =(POWER(2,G42)-1)*H42+I42 -> 2047 | L42: 0 | M42: / | N42: =LEN(K42) -> 4 | P42: Rack采样信息,Rack Sampling Information[3,14] | R42: ScCLVH_MaxCellVIdxNbr | S42: / | T42: BSWSRackCellVMaxPstn | U42: /
C43: RBMS_CellVMin | D43: Min Cell Voltage (mV) 最小电芯电压 (mV) | E43: =IF(INT((F43+G43-1)/8)+1=INT(F43/8)+1,INT(F43/8)+1,INT(F43/8)+1&"-"&INT((F43+G43-1)/8)+1) -> 136-137 | F43: =F42+G42 -> 1081 | G43: 14 | H43: 1 | I43: 0 | J43: 0 | K43: 5000 | L43: 0 | M43: mV | N43: =LEN(K43) -> 4 | P43: Rack采样信息,Rack Sampling Information[3,15] | R43: ScCLVH_MinCellVmV | S43: / | T43: BSWSRackCellVMin | U43: /
C44: RBMS_CellVMinPstn | D44: Min Cell Voltage Position 最小电芯电压位置 | E44: =IF(INT((F44+G44-1)/8)+1=INT(F44/8)+1,INT(F44/8)+1,INT(F44/8)+1&"-"&INT((F44+G44-1)/8)+1) -> 137-139 | F44: =F43+G43 -> 1095 | G44: 11 | H44: 1 | I44: 0 | J44: 0 | K44: =(POWER(2,G44)-1)*H44+I44 -> 2047 | L44: 0 | M44: / | N44: =LEN(K44) -> 4 | P44: Rack采样信息,Rack Sampling Information[3,16] | R44: ScCLVH_MinCellVIdxNbr | S44: / | T44: BSWSRackCellVMinPstn | U44: /
C45: RBMS_CellVAvg | D45: Average Cell Voltage (mV) 平均电芯电压 (mV) | E45: =IF(INT((F45+G45-1)/8)+1=INT(F45/8)+1,INT(F45/8)+1,INT(F45/8)+1&"-"&INT((F45+G45-1)/8)+1) -> 139-140 | F45: =F44+G44 -> 1106 | G45: 14 | H45: 1 | I45: 0 | J45: 0 | K45: 5000 | L45: 0 | M45: mV | N45: =LEN(K45) -> 4 | P45: Rack采样信息,Rack Sampling Information[3,17] | R45: ScCLVH_AvgCellVmV | S45: / | T45: BSWSRackCellVAvg | U45: /
C46: RBMS_ModTmpMax | D46: Max Module Temp (℃) 最高电芯温度 (℃) | E46: =IF(INT((F46+G46-1)/8)+1=INT(F46/8)+1,INT(F46/8)+1,INT(F46/8)+1&"-"&INT((F46+G46-1)/8)+1) -> 141-142 | F46: =F45+G45 -> 1120 | G46: 16 | H46: 0.1 | I46: -40 | J46: -40 | K46: 125.1 | L46: 0 | M46: ℃ | N46: =LEN(K46) -> 5 | P46: Rack采样信息,Rack Sampling Information[3,20] | R46: ScCLTH_MaxCellTDegC | S46: / | T46: BSWSRackModTmpMax | U46: /
C47: Reserved4 | D47: Reserved4 预留占位4 | E47: =IF(INT((F47+G47-1)/8)+1=INT(F47/8)+1,INT(F47/8)+1,INT(F47/8)+1&"-"&INT((F47+G47-1)/8)+1) -> 143 | F47: =F46+G46 -> 1136 | G47: 8 | H47: 1 | I47: 0 | J47: 0 | K47: =(POWER(2,G47)-1)*H47+I47 -> 255 | L47: 0 | M47: / | N47: 0 | R47: / | S47: / | T47: / | U47: /
C48: RBMS_ModTmpMin | D48: Min Cell Temp (℃) 最低电芯温度 (℃) | E48: =IF(INT((F48+G48-1)/8)+1=INT(F48/8)+1,INT(F48/8)+1,INT(F48/8)+1&"-"&INT((F48+G48-1)/8)+1) -> 144-145 | F48: =F47+G47 -> 1144 | G48: 16 | H48: 0.1 | I48: -40 | J48: -40 | K48: 125.1 | L48: 0 | M48: ℃ | N48: =LEN(K48) -> 5 | P48: Rack采样信息,Rack Sampling Information[3,22] | R48: ScCLTH_MinCellTDegC | S48: / | T48: BSWSRackModTmpMin | U48: /
C49: RBMS_MCURstRsnFltNbr | D49: Fault Causes Leading to MCU Reset 导致MCU复位的故障原因 | E49: =IF(INT((F49+G49-1)/8)+1=INT(F49/8)+1,INT(F49/8)+1,INT(F49/8)+1&"-"&INT((F49+G49-1)/8)+1) -> 146 | F49: =F48+G48 -> 1160 | G49: 8 | H49: 1 | I49: 0 | J49: 0 | K49: =(POWER(2,G49)-1)*H49+I49 -> 255 | L49: 0 | M49: Nbr | N49: =LEN(K49) -> 3 | O49: Bit0[0]: CPU Power-On Self-Test;MCU内部的CPU上电自检 Signal; 0X0-Nomal; 0X1-Fault; Bit1[0]: Periodic CPU Self-Test;MCU内部的CPU周期性自检 Signal; 0X0-Nomal; 0X1-Fault; Bit2[0]: RAM Test;RAM检测(ECC+寻址) Signal; 0X0-Nomal; 0X1-Fault; Bit3[0]: FLASH Test;FLASH检测(ECC+寻址) Signal; 0X0-Nomal; 0X1-Fault; Bit4[0]: Power supply/Clock/Interrupt/Timer/Register Configuration Readback Test;电源检测、时钟检测、中断检测、Timer检测、系统关键寄存器配置回读检测 Signal; 0X0-Nomal; 0X1-Fault; Bit5[0]: Over-Temperature Detection for MCU Chip;MCU芯片过温检测 Signal; 0X0-Nomal; 0X1-Fault; Bit6[0]: Control-Flow Detection;控制流检测 Signal; 0X0-Nomal; 0X1-Fault; Bit7[0]: Hardfault Process;Hardfault处理 Signal; 0X0-Nomal; 0X1-Fault; | R49: BSWSMCURstFltRsnNbr | S49: / | T49: / | U49: /
C50: RBMS_ModTmpAvg | D50: Average Cell Temp (℃) 平均电芯温度 (℃) | E50: =IF(INT((F50+G50-1)/8)+1=INT(F50/8)+1,INT(F50/8)+1,INT(F50/8)+1&"-"&INT((F50+G50-1)/8)+1) -> 147-148 | F50: =F49+G49 -> 1168 | G50: 16 | H50: 0.1 | I50: -40 | J50: -40 | K50: 125.1 | L50: 0 | M50: ℃ | N50: =LEN(K50) -> 5 | P50: Rack采样信息,Rack Sampling Information[3,24] | R50: ScCLTH_AvgCellTDegC | S50: / | T50: BSWSRackModTmpAvg | U50: /
C51: RBMS_MaxPoleTDegC | D51: Max Pole Temp (℃) 最高极柱温度 (℃) | E51: =IF(INT((F51+G51-1)/8)+1=INT(F51/8)+1,INT(F51/8)+1,INT(F51/8)+1&"-"&INT((F51+G51-1)/8)+1) -> 149-150 | F51: =F50+G50 -> 1184 | G51: 16 | H51: 0.1 | I51: -40 | J51: -40 | K51: 125.1 | L51: 0 | M51: ℃ | N51: =LEN(K51) -> 5 | P51: Rack采样信息,Rack Sampling Information[3,25] | R51: ScCLTH_MaxPoleTDegC | S51: / | T51: BSWSRackMaxPoleTDegC | U51: /
C52: RBMS_MaxPoleTIdxNbr | D52: Max Pole Temp Position 最高极柱温度位置 | E52: =IF(INT((F52+G52-1)/8)+1=INT(F52/8)+1,INT(F52/8)+1,INT(F52/8)+1&"-"&INT((F52+G52-1)/8)+1) -> 151 | F52: =F51+G51 -> 1200 | G52: 8 | H52: 1 | I52: 0 | J52: 0 | K52: =(POWER(2,G52)-1)*H52+I52 -> 255 | L52: 0 | M52: / | N52: =LEN(K52) -> 3 | P52: Rack采样信息,Rack Sampling Information[3,26] | R52: ScCLTH_MaxPoleTIdxNbr | S52: / | U52: /
C53: RBMS_MinPoleTDegC | D53: Min Pole Temp (℃) 最低极柱温度 (℃) | E53: =IF(INT((F53+G53-1)/8)+1=INT(F53/8)+1,INT(F53/8)+1,INT(F53/8)+1&"-"&INT((F53+G53-1)/8)+1) -> 152-153 | F53: =F52+G52 -> 1208 | G53: 16 | H53: 0.1 | I53: -40 | J53: -40 | K53: 125.1 | L53: 0 | M53: ℃ | N53: =LEN(K53) -> 5 | P53: Rack采样信息,Rack Sampling Information[3,27] | R53: ScCLTH_MinPoleTDegC | S53: / | T53: BSWSRackMinPoleTDegC | U53: /
C54: RBMS_MinPoleTIdxNbr | D54: Min Pole Temp Position 最低极柱温度位置 | E54: =IF(INT((F54+G54-1)/8)+1=INT(F54/8)+1,INT(F54/8)+1,INT(F54/8)+1&"-"&INT((F54+G54-1)/8)+1) -> 154 | F54: =F53+G53 -> 1224 | G54: 8 | H54: 1 | I54: 0 | J54: 0 | K54: =(POWER(2,G54)-1)*H54+I54 -> 255 | L54: 0 | M54: / | N54: =LEN(K54) -> 3 | P54: Rack采样信息,Rack Sampling Information[3,28] | R54: ScCLTH_MinPoleTIdxNbr | S54: / | U54: /
C55: RBMS_MaxPoleTMdulIdxNbr | D55: Max Pole Temp Module Position 最高极柱温度模组位置 | E55: =IF(INT((F55+G55-1)/8)+1=INT(F55/8)+1,INT(F55/8)+1,INT(F55/8)+1&"-"&INT((F55+G55-1)/8)+1) -> 155 | F55: =F54+G54 -> 1232 | G55: 8 | H55: 1 | I55: 0 | J55: 0 | K55: =(POWER(2,G55)-1)*H55+I55 -> 255 | L55: 0 | M55: / | N55: =LEN(K55) -> 3 | R55: ScCLTH_MaxPoleTMdulIdxNbr | S55: / | T55: BSWSRackPoleTmpMaxMdulPstnNbr | U55: /
C56: RBMS_MinPoleTMdulIdxNbr | D56: Min Pole Temp Module Position 最低极柱温度模组位置 | E56: =IF(INT((F56+G56-1)/8)+1=INT(F56/8)+1,INT(F56/8)+1,INT(F56/8)+1&"-"&INT((F56+G56-1)/8)+1) -> 156 | F56: =F55+G55 -> 1240 | G56: 8 | H56: 1 | I56: 0 | J56: 0 | K56: =(POWER(2,G56)-1)*H56+I56 -> 255 | L56: 0 | M56: / | N56: =LEN(K56) -> 3 | R56: ScCLTH_MinPoleTMdulIdxNbr | S56: / | T56: BSWSRackPoleTmpMinMdulPstnNbr | U56: /
C57: RBMS_AvgPoleTDegC | D57: Average Pole Temp (℃) 平均极柱温度 (℃) | E57: =IF(INT((F57+G57-1)/8)+1=INT(F57/8)+1,INT(F57/8)+1,INT(F57/8)+1&"-"&INT((F57+G57-1)/8)+1) -> 157-158 | F57: =F56+G56 -> 1248 | G57: 16 | H57: 0.1 | I57: -40 | J57: -40 | K57: 125.1 | L57: 0 | M57: ℃ | N57: =LEN(K57) -> 5 | P57: Rack采样信息,Rack Sampling Information[3,29] | R57: ScCLTH_AvgPoleTDegC | S57: / | T57: / | U57: /
C58: RBMS_CommType | D58: Communication Type 通讯类型 | E58: =IF(INT((F58+G58-1)/8)+1=INT(F58/8)+1,INT(F58/8)+1,INT(F58/8)+1&"-"&INT((F58+G58-1)/8)+1) -> 159 | F58: =F57+G57 -> 1264 | G58: 8 | H58: 1 | I58: 0 | J58: 0 | K58: =(POWER(2,G58)-1)*H58+I58 -> 255 | L58: 0 | M58: Nbr | N58: =LEN(K58) -> 3 | O58: Enum 0X0: CAN 0X1: LAN | R58: ScEMCT_RBMS_CommType | S58: / | T58: / | U58: /
C59: RBMS_StrCtrlHb | D59: Rack BMS Heartbeat Rack BMS心跳信号 | E59: =IF(INT((F59+G59-1)/8)+1=INT(F59/8)+1,INT(F59/8)+1,INT(F59/8)+1&"-"&INT((F59+G59-1)/8)+1) -> 160-161 | F59: =F58+G58 -> 1272 | G59: 16 | H59: 1 | I59: 0 | J59: 0 | K59: =(POWER(2,G59)-1)*H59+I59 -> 65535 | L59: 0 | M59: / | N59: =LEN(K59) -> 5 | P59: Rack状态,Rack Status[1,1] | Q59: 0-65535 | R59: ScEMCT_RBMS_StrCtrlHb | S59: BSWSRackStrCtrlHb | T59: BSWSRackStrCtrlHb | U59: /
C60: RBMS_ResChAvlCapAh | D60: Remaining Charge Cap (Ah) 可充容量 (Ah) | E60: =IF(INT((F60+G60-1)/8)+1=INT(F60/8)+1,INT(F60/8)+1,INT(F60/8)+1&"-"&INT((F60+G60-1)/8)+1) -> 162-163 | F60: =F59+G59 -> 1288 | G60: 16 | H60: 1 | I60: 0 | J60: 0 | K60: =(POWER(2,G60)-1)*H60+I60 -> 65535 | L60: 0 | M60: Ah | N60: =LEN(K60) -> 5 | P60: Rack SOX状态,Rack SOX Status[2,4] | R60: ScEMCT_RBMS_ResChAvlCapAh | S60: / | T60: BSWSRackResChAvlCapAh | U60: /
C61: RBMS_ResDischAvlCapAh | D61: Remaining Discharge Cap (Ah) 可放容量 (Ah) | E61: =IF(INT((F61+G61-1)/8)+1=INT(F61/8)+1,INT(F61/8)+1,INT(F61/8)+1&"-"&INT((F61+G61-1)/8)+1) -> 164-165 | F61: =F60+G60 -> 1304 | G61: 16 | H61: 1 | I61: 0 | J61: 0 | K61: =(POWER(2,G61)-1)*H61+I61 -> 65535 | L61: 0 | M61: Ah | N61: =LEN(K61) -> 5 | P61: Rack SOX状态,Rack SOX Status[2,5] | R61: ScEMCT_RBMS_ResDischAvlCapAh | S61: / | T61: BSWSRackResDischAvlCapAh | U61: /
C62: RBMS_LstFullChCapAh | D62: Rack Last Full-Charge Cap (Ah) 最近一次簇满充容量 (Ah) | E62: =IF(INT((F62+G62-1)/8)+1=INT(F62/8)+1,INT(F62/8)+1,INT(F62/8)+1&"-"&INT((F62+G62-1)/8)+1) -> 166-167 | F62: =F61+G61 -> 1320 | G62: 16 | H62: 1 | I62: 0 | J62: 0 | K62: =(POWER(2,G62)-1)*H62+I62 -> 65535 | L62: 0 | M62: Ah | N62: =LEN(K62) -> 5 | R62: ScEMCT_RBMS_LstFullChCapAh | S62: / | T62: BSWSRackLstFullChCapAh | U62: /
C63: RBMS_LstFullDischCapAh | D63: Rack Last Full-Discharge Cap (Ah) 最近一次簇满放容量 (Ah) | E63: =IF(INT((F63+G63-1)/8)+1=INT(F63/8)+1,INT(F63/8)+1,INT(F63/8)+1&"-"&INT((F63+G63-1)/8)+1) -> 168-169 | F63: =F62+G62 -> 1336 | G63: 16 | H63: 1 | I63: 0 | J63: 0 | K63: =(POWER(2,G63)-1)*H63+I63 -> 65535 | L63: 0 | M63: Ah | N63: =LEN(K63) -> 5 | R63: ScEMCT_RBMS_LstFullDischCapAh | S63: / | T63: BSWSRackLstFullDischCapAh | U63: /
C64: RBMS_CycNbr | D64: Full Equiv Ch-Disch Cycles 等效完整充放电循环次数 | E64: =IF(INT((F64+G64-1)/8)+1=INT(F64/8)+1,INT(F64/8)+1,INT(F64/8)+1&"-"&INT((F64+G64-1)/8)+1) -> 170-171 | F64: =F63+G63 -> 1352 | G64: 16 | H64: 1 | I64: 0 | J64: 0 | K64: =(POWER(2,G64)-1)*H64+I64 -> 65535 | L64: 0 | M64: / | N64: =LEN(K64) -> 5 | P64: Rack历史信息,Rack History Information[4,3] | R64: ScEMCT_RBMS_CycNbr | S64: / | T64: BSWSRackCycNbr | U64: /
C65: RBMS_MaxPoleTMdulInnerIdxNbr | D65: Max Pole Temp Module Inner Position 最高极柱温度模组内位置 | E65: =IF(INT((F65+G65-1)/8)+1=INT(F65/8)+1,INT(F65/8)+1,INT(F65/8)+1&"-"&INT((F65+G65-1)/8)+1) -> 172 | F65: =F64+G64 -> 1368 | G65: 8 | H65: 1 | I65: 0 | J65: 0 | K65: =(POWER(2,G65)-1)*H65+I65 -> 255 | L65: 0 | M65: / | N65: 0 | R65: ScCLTH_MaxPoleTMdulInnerIdxNbr | S65: / | T65: BSWSRackPoleTmpMaxMdulInnerPstnNbr | U65: /
C66: RBMS_MinPoleTMdulInnerIdxNbr | D66: Min Pole Temp Module Inner Position 最低极柱温度模组内位置 | E66: =IF(INT((F66+G66-1)/8)+1=INT(F66/8)+1,INT(F66/8)+1,INT(F66/8)+1&"-"&INT((F66+G66-1)/8)+1) -> 173 | F66: =F65+G65 -> 1376 | G66: 8 | H66: 1 | I66: 0 | J66: 0 | K66: =(POWER(2,G66)-1)*H66+I66 -> 255 | L66: 0 | M66: / | N66: 0 | R66: ScCLTH_MinPoleTMdulInnerIdxNbr | S66: / | T66: BSWSRackPoleTmpMinMdulInnerPstnNbr | U66: /
C67: RBMS_AFEChipTmpMax | D67: Max AFE Chip Temperature (℃) 最高AFE芯片温度 (℃) | E67: =IF(INT((F67+G67-1)/8)+1=INT(F67/8)+1,INT(F67/8)+1,INT(F67/8)+1&"-"&INT((F67+G67-1)/8)+1) -> 174 | F67: =F66+G66 -> 1384 | G67: 8 | H67: 1 | I67: -40 | J67: -40 | K67: =(POWER(2,G67)-1)*H67+I67 -> 215 | L67: 0 | M67: ℃ | N67: =LEN(K67) -> 3 | P67: Rack采样信息,Rack Sampling Information[3,3] | R67: ScEMCT_RBMS_AFEChipTmpMax | S67: / | U67: /
C68: RBMS_AFEChipTmpMin | D68: Min AFE Temperature (℃) 最低AFE温度 (℃) | E68: =IF(INT((F68+G68-1)/8)+1=INT(F68/8)+1,INT(F68/8)+1,INT(F68/8)+1&"-"&INT((F68+G68-1)/8)+1) -> 175 | F68: =F67+G67 -> 1392 | G68: 8 | H68: 1 | I68: -40 | J68: -40 | K68: =(POWER(2,G68)-1)*H68+I68 -> 215 | L68: 0 | M68: ℃ | N68: =LEN(K68) -> 3 | R68: ScEMCT_RBMS_AFEChipTmpMin | S68: / | U68: /
C69: RBMS_MCURstRsnNbr | D69: MCU Reset Source MCU复位源 | E69: =IF(INT((F69+G69-1)/8)+1=INT(F69/8)+1,INT(F69/8)+1,INT(F69/8)+1&"-"&INT((F69+G69-1)/8)+1) -> 176-177 | F69: =F68+G68 -> 1400 | G69: 16 | H69: 1 | I69: 0 | J69: 0 | K69: =(POWER(2,G69)-1)*H69+I69 -> 65535 | L69: 0 | M69: / | N69: =LEN(K69) -> 5 | O69: Enum 0xAA: Software Reset 0xBB: Power-On or Power-Down Reset 0xCC: CPU Reset 0xDD: BOR Reset 0xEE: Internal Watchdog Reset 0x55: Window Watchdog Reset | R69: ScEMCT_RBMS_MCURstRsnNbr | S69: / | T69: BSWSRackMCURstRsnNbr | U69: /
C70: RBMS_GenlVldFlg | D70: RBMS Sampling Validity Flag RBMS采样有效性标志 | E70: =IF(INT((F70+G70-1)/8)+1=INT(F70/8)+1,INT(F70/8)+1,INT(F70/8)+1&"-"&INT((F70+G70-1)/8)+1) -> 178-179 | F70: =F69+G69 -> 1416 | G70: 16 | H70: 1 | I70: 0 | J70: 0 | K70: =(POWER(2,G70)-1)*H70+I70 -> 65535 | L70: 0 | M70: / | N70: =LEN(K70) -> 5 | O70: Bit0[1]: Cell Temperature General Validity;电芯温度概要有效性 Signal; 0X0-Invalid; 0X1-Valid; Bit1[1]: Cell Voltage General Validity;电芯电压概要有效性 Signal; 0X0-Invalid; 0X1-Valid; Bit2[1]: Battery Current Validity;簇电流有效性 Signal; 0X0-Invalid; 0X1-Valid; Bit3[0]: LinkPosVoltage Validity;LinkPos电压有效性 Signal; 0X0-Invalid; 0X1-Valid; Bit4[0]: Hv Box Temperature General Validity;高压箱温度概要有效性 Signal; 0X0-Invalid; 0X1-Valid; Bit5[0]: Pole Temperature General Validity;极柱温度概要有效性 Signal; 0X0-Invalid; 0X1-Valid; Bit6[0]: String Voltage Validity;电池串电压有效性 Signal; 0X0-Invalid; 0X1-Valid; | P70: Rack采样信息,Rack Sampling Information[3,5] | R70: (SbCLTH_GenlCellTVldFlg << 0) | (SbCLVH_GenlCellVVldFlg << 1) | (SbEMCT_RBMS_BatIVldFlg << 2) | (SbEMCT_RBMS_HvLnkPosVVldFlg << 3) | (SbCLTH_GenlHvBoxTVldFlg << 4) | (SbCLTH_GenlPoleTVldFlg << 5) | (SbEMCT_RBMS_HvBatVVldFlg << 6) | S70: / | T70: BSWSRackGenlVldFlg | U70: /
C71: RBMS_IslnFinalBatV | D71: Total Insulation Voltage (V) 绝缘总压 (V) | E71: =IF(INT((F71+G71-1)/8)+1=INT(F71/8)+1,INT(F71/8)+1,INT(F71/8)+1&"-"&INT((F71+G71-1)/8)+1) -> 180-181 | F71: =F70+G70 -> 1432 | G71: 16 | H71: 1 | I71: 0 | J71: 0 | K71: =(POWER(2,G71)-1)*H71+I71 -> 65535 | L71: 0 | M71: V | N71: =LEN(K71) -> 5 | R71: ScEMCT_RBMS_IslnFinalBatV | S71: / | T71: BSWSRackIslnFinalBatV | U71: /
C72: RBMS_IslnFinalPosV | D72: Insulation Positive to GND Voltage (V) 绝缘正对地电压 (V) | E72: =IF(INT((F72+G72-1)/8)+1=INT(F72/8)+1,INT(F72/8)+1,INT(F72/8)+1&"-"&INT((F72+G72-1)/8)+1) -> 182-183 | F72: =F71+G71 -> 1448 | G72: 16 | H72: 1 | I72: 0 | J72: 0 | K72: =(POWER(2,G72)-1)*H72+I72 -> 65535 | L72: 0 | M72: V | N72: =LEN(K72) -> 5 | R72: ScEMCT_RBMS_IslnFinalPosV | S72: / | T72: BSWSRackIslnFinalPosV | U72: /
C73: RBMS_IslnFinalNegV | D73: Insulation Negative to GND Voltage (V) 绝缘负对地电压 (V) | E73: =IF(INT((F73+G73-1)/8)+1=INT(F73/8)+1,INT(F73/8)+1,INT(F73/8)+1&"-"&INT((F73+G73-1)/8)+1) -> 184-185 | F73: =F72+G72 -> 1464 | G73: 16 | H73: 1 | I73: 0 | J73: 0 | K73: =(POWER(2,G73)-1)*H73+I73 -> 65535 | L73: 0 | M73: V | N73: =LEN(K73) -> 5 | R73: ScEMCT_RBMS_IslnFinalNegV | S73: / | T73: BSWSRackIslnFinalNegV | U73: /
C74: RBMS_IslnMeastStState | D74: Insulation Measure Status 绝缘测量状态 | E74: =IF(INT((F74+G74-1)/8)+1=INT(F74/8)+1,INT(F74/8)+1,INT(F74/8)+1&"-"&INT((F74+G74-1)/8)+1) -> 186-187 | F74: =F73+G73 -> 1480 | G74: 16 | H74: 1 | I74: 0 | J74: 0 | K74: =(POWER(2,G74)-1)*H74+I74 -> 65535 | L74: 0 | M74: / | N74: =LEN(K74) -> 5 | O74: Enum 0X0: Initial; 0X1: Pending; 0X2: Finished; 0X3: Inhibit; | P74: Rack状态,Rack Status[1,11] | R74: ScEMCT_RBMS_IslnMeastStState | S74: / | T74: BSWSRackIslnMeastStState | U74: /
C75: RBMS_LstChEkWh | D75: Rack Last Charge Energy (kWh) 最近一次簇充电能量 (kWh) | E75: =IF(INT((F75+G75-1)/8)+1=INT(F75/8)+1,INT(F75/8)+1,INT(F75/8)+1&"-"&INT((F75+G75-1)/8)+1) -> 188-189 | F75: =F74+G74 -> 1496 | G75: 16 | H75: 0.1 | I75: 0 | J75: 0 | K75: =(POWER(2,G75)-1)*H75+I75 -> 6553.5 | L75: 0 | M75: kWh | N75: =LEN(K75) -> 6 | P75: Rack历史信息,Rack History Information[4,4] | R75: ScEMCT_RBMS_LstChEkWh | S75: / | T75: BSWSRackLstChEkWh | U75: /
C76: RBMS_LstDchEkWh | D76: Rack Last Discharge Energy (kWh) 最近一次簇放电能量 (kWh) | E76: =IF(INT((F76+G76-1)/8)+1=INT(F76/8)+1,INT(F76/8)+1,INT(F76/8)+1&"-"&INT((F76+G76-1)/8)+1) -> 190-191 | F76: =F75+G75 -> 1512 | G76: 16 | H76: 0.1 | I76: 0 | J76: 0 | K76: =(POWER(2,G76)-1)*H76+I76 -> 6553.5 | L76: 0 | M76: kWh | N76: =LEN(K76) -> 6 | P76: Rack历史信息,Rack History Information[4,5] | R76: ScEMCT_RBMS_LstDchEkWh | S76: / | T76: BSWSRackLstDchEkWh | U76: /
C77: RBMS_BalBdTmpMax | D77: Max Balancing Board Temp (℃) 最高均衡板温 (℃) | E77: =IF(INT((F77+G77-1)/8)+1=INT(F77/8)+1,INT(F77/8)+1,INT(F77/8)+1&"-"&INT((F77+G77-1)/8)+1) -> 192-193 | F77: =F76+G76 -> 1528 | G77: 16 | H77: 0.1 | I77: -40 | J77: -40 | K77: =(POWER(2,G77)-1)*H77+I77 -> 6513.5 | L77: 0 | M77: ℃ | N77: =LEN(K77) -> 6 | P77: Rack采样信息,Rack Sampling Information[3,18] | R77: ScCLTH_MaxPCBBdTDegC | S77: / | T77: / | U77: /
C78: RBMS_RmngCellBalTiMax | D78: Max Balancing Remain Time (min) 最大剩余均衡时间 (min) | E78: =IF(INT((F78+G78-1)/8)+1=INT(F78/8)+1,INT(F78/8)+1,INT(F78/8)+1&"-"&INT((F78+G78-1)/8)+1) -> 194-195 | F78: =F77+G77 -> 1544 | G78: 16 | H78: 1 | I78: 0 | J78: 0 | K78: =(POWER(2,G78)-1)*H78+I78 -> 65535 | L78: 0 | M78: Min | N78: =LEN(K78) -> 5 | P78: Rack状态,Rack Status[1,12] | R78: ScEMCT_RBMS_RmngCellBalTiMax | S78: / | U78: /
C79: RBMS_RealSysSOHC | D79: Rack Real SOH (%) Rack真实SOH (%) | E79: =IF(INT((F79+G79-1)/8)+1=INT(F79/8)+1,INT(F79/8)+1,INT(F79/8)+1&"-"&INT((F79+G79-1)/8)+1) -> 196-197 | F79: =F78+G78 -> 1560 | G79: 16 | H79: 0.01 | I79: 0 | J79: 0 | K79: =(POWER(2,G79)-1)*H79+I79 -> 655.35 | L79: 0 | M79: % | N79: =LEN(K79) -> 6 | R79: ScSOHA_RealSysSOHCPct | S79: / | T79: / | U79: /
C80: RBMS_RealSysCapAh | D80: Rack Max Available Capacity (Ah) 电池簇最大可用容量 (Ah) | E80: =IF(INT((F80+G80-1)/8)+1=INT(F80/8)+1,INT(F80/8)+1,INT(F80/8)+1&"-"&INT((F80+G80-1)/8)+1) -> 198-199 | F80: =F79+G79 -> 1576 | G80: 16 | H80: 0.1 | I80: 0 | J80: 0 | K80: =(POWER(2,G80)-1)*H80+I80 -> 6553.5 | L80: 0 | M80: Ah | N80: =LEN(K80) -> 6 | P80: Rack SOX状态,Rack SOX Status[2,3] | Q80: songx0830：表格已有信号：替换名字为：RBMS_RealCellCapAh | R80: ScSOHA_RealSysCapAh_dbug | S80: / | T80: / | U80: /
C81: RBMS_RealCellCapAh | D81: Min Cell Real Capacity (Ah) 最小电芯真实容量 (Ah) | E81: =IF(INT((F81+G81-1)/8)+1=INT(F81/8)+1,INT(F81/8)+1,INT(F81/8)+1&"-"&INT((F81+G81-1)/8)+1) -> 200-201 | F81: =F80+G80 -> 1592 | G81: 16 | H81: 0.1 | I81: 0 | J81: 0 | K81: =(POWER(2,G81)-1)*H81+I81 -> 6553.5 | L81: 0 | M81: Ah | N81: =LEN(K81) -> 6 | Q81: songx0830：是否需要考虑与RBMS_SysMinSOHC名称统一？ | R81: ScSOHA_RealSysCapAh_dbug | S81: / | T81: / | U81: /
C82: RBMS_SysMaxSOC | D82: RBMS Max SOC (%) RBMS最大SOC (%) | E82: =IF(INT((F82+G82-1)/8)+1=INT(F82/8)+1,INT(F82/8)+1,INT(F82/8)+1&"-"&INT((F82+G82-1)/8)+1) -> 202-203 | F82: =F81+G81 -> 1608 | G82: 16 | H82: 0.01 | I82: 0 | J82: 0 | K82: =(POWER(2,G82)-1)*H82+I82 -> 655.35 | L82: 0 | M82: % | N82: =LEN(K82) -> 6 | R82: ScEMCT_RBMS_SysMaxSOC | S82: / | T82: / | U82: /
C83: RBMS_SysMinSOC | D83: RBMS Min SOC (%) RBMS最小SOC (%) | E83: =IF(INT((F83+G83-1)/8)+1=INT(F83/8)+1,INT(F83/8)+1,INT(F83/8)+1&"-"&INT((F83+G83-1)/8)+1) -> 204-205 | F83: =F82+G82 -> 1624 | G83: 16 | H83: 0.01 | I83: 0 | J83: 0 | K83: =(POWER(2,G83)-1)*H83+I83 -> 655.35 | L83: 0 | M83: % | N83: =LEN(K83) -> 6 | R83: ScEMCT_RBMS_SysMinSOC | S83: / | T83: / | U83: /
C84: RBMS_RealSysSOCPct | D84: Rack Real SOC (%) Rack真实SOC (%) | E84: =IF(INT((F84+G84-1)/8)+1=INT(F84/8)+1,INT(F84/8)+1,INT(F84/8)+1&"-"&INT((F84+G84-1)/8)+1) -> 206-209 | F84: =F83+G83 -> 1640 | G84: 32 | H84: 0.01 | I84: 0 | J84: 0 | K84: 100 | L84: 0 | M84: % | N84: =LEN(K84) -> 3 | R84: ScSOCA_RealSysSOCPct_dbug | S84: / | T84: / | U84: /
C85: RBMS_AccuDisChrgAh2 | D85: Accu Discharge Cap (Ah) 累计放电容量 (Ah) | E85: =IF(INT((F85+G85-1)/8)+1=INT(F85/8)+1,INT(F85/8)+1,INT(F85/8)+1&"-"&INT((F85+G85-1)/8)+1) -> 210-213 | F85: =F84+G84 -> 1672 | G85: 32 | H85: 0.0625 | I85: 0 | J85: 0 | K85: =(POWER(2,G85)-1)*H85+I85 -> 2.6843546e+08 | L85: 0 | M85: Ah | N85: =LEN(K85) -> 14 | P85: Rack历史信息,Rack History Information[4,7] | Q85: 三级板A核算法需求高精度容量 | R85: ScHIST_HistAccuDischCapAh | S85: / | T85: / | U85: /
C86: RBMS_AccuDisChrgkWh2 | D86: Accu Discharge Eng (kWh) 累计放电能量 (kWh) | E86: =IF(INT((F86+G86-1)/8)+1=INT(F86/8)+1,INT(F86/8)+1,INT(F86/8)+1&"-"&INT((F86+G86-1)/8)+1) -> 214-217 | F86: =F85+G85 -> 1704 | G86: 32 | H86: 0.0625 | I86: 0 | J86: 0 | K86: =(POWER(2,G86)-1)*H86+I86 -> 2.6843546e+08 | L86: 0 | M86: kWh | N86: =LEN(K86) -> 14 | P86: Rack历史信息,Rack History Information[4,9] | Q86: 上位机显示 | R86: ScHIST_HistAccuDischEngKwh | S86: / | T86: / | U86: /
C87: RBMS_AccuChrgAh2 | D87: Accu Charge Cap (Ah) 累计充电容量 (Ah) | E87: =IF(INT((F87+G87-1)/8)+1=INT(F87/8)+1,INT(F87/8)+1,INT(F87/8)+1&"-"&INT((F87+G87-1)/8)+1) -> 218-221 | F87: =F86+G86 -> 1736 | G87: 32 | H87: 0.0625 | I87: 0 | J87: 0 | K87: =(POWER(2,G87)-1)*H87+I87 -> 2.6843546e+08 | L87: 0 | M87: Ah | N87: =LEN(K87) -> 14 | P87: Rack历史信息,Rack History Information[4,6] | Q87: 三级板A核算法需求高精度容量 | R87: ScHIST_HistAccuChCapAh | S87: / | T87: / | U87: /
C88: RBMS_AccuChrgkWh2 | D88: Accu Charge Eng (kWh) 累计充电能量 (kWh) | E88: =IF(INT((F88+G88-1)/8)+1=INT(F88/8)+1,INT(F88/8)+1,INT(F88/8)+1&"-"&INT((F88+G88-1)/8)+1) -> 222-225 | F88: =F87+G87 -> 1768 | G88: 32 | H88: 0.0625 | I88: 0 | J88: 0 | K88: =(POWER(2,G88)-1)*H88+I88 -> 2.6843546e+08 | L88: 0 | M88: kWh | N88: =LEN(K88) -> 14 | P88: Rack历史信息,Rack History Information[4,8] | Q88: 上位机显示 | R88: ScHIST_HistAccuChEngKwh | S88: / | T88: / | U88: /
C89: RBMS_BMSMaxFltLevel | D89: Rack Fault Level Rack故障等级 | E89: =IF(INT((F89+G89-1)/8)+1=INT(F89/8)+1,INT(F89/8)+1,INT(F89/8)+1&"-"&INT((F89+G89-1)/8)+1) -> 226 | F89: =F88+G88 -> 1800 | G89: 8 | H89: 1 | I89: 0 | J89: 0 | K89: =(POWER(2,G89)-1)*H89+I89 -> 255 | L89: 0 | M89: / | N89: =LEN(K89) -> 3 | O89: Enum 0X1: Level 1 Fault; 0X2: Level 2 Fault; 0X3: Level 3 Fault; 0X7: No Fault; | P89: Rack状态,Rack Status[1,3] | R89: ScEMCT_RBMS_BMSMaxFltLevel | S89: / | T89: BSWSRackBMSMaxFltLevel | U89: /
C90: RBMS_MaxCellVMdulTDegC | D90: Max Voltage Cell Temp (℃) 最大电压电芯对应温度 (℃) | E90: =IF(INT((F90+G90-1)/8)+1=INT(F90/8)+1,INT(F90/8)+1,INT(F90/8)+1&"-"&INT((F90+G90-1)/8)+1) -> 227-228 | F90: =F89+G89 -> 1808 | G90: 16 | H90: 0.1 | I90: -40 | J90: -40 | K90: 125.1 | L90: 0 | M90: ℃ | N90: =LEN(K90) -> 5 | Q90: songx0830：新增SOCA/SOHA算法输入信号 | R90: ScCLTH_MaxCellVMdulTDegC | S90: / | T90: / | U90: /
C91: RBMS_MinCellVMdulTDegC | D91: Min Voltage Cell Temp (℃) 最小电压电芯对应温度 (℃) | E91: =IF(INT((F91+G91-1)/8)+1=INT(F91/8)+1,INT(F91/8)+1,INT(F91/8)+1&"-"&INT((F91+G91-1)/8)+1) -> 229-230 | F91: =F90+G90 -> 1824 | G91: 16 | H91: 0.1 | I91: -40 | J91: -40 | K91: 125.1 | L91: 0 | M91: ℃ | N91: =LEN(K91) -> 5 | Q91: songx0830：新增SOCA/SOHA算法输入信号 | R91: ScCLTH_MinCellVMdulTDegC | S91: / | T91: / | U91: /
C92: RBMS_MaxCellVMdulTVldFlg | D92: Max Voltage Cell Temp Validity 最大电压电芯温度有效性 | E92: =IF(INT((F92+G92-1)/8)+1=INT(F92/8)+1,INT(F92/8)+1,INT(F92/8)+1&"-"&INT((F92+G92-1)/8)+1) -> 231 | F92: =F91+G91 -> 1840 | G92: 8 | H92: 1 | I92: 0 | J92: 0 | K92: =(POWER(2,G92)-1)*H92+I92 -> 255 | L92: 0 | M92: flg | N92: =LEN(K92) -> 3 | O92: Enum 0X0: Invalid; 0X1: Valid; | Q92: songx0830：新增SOCA/SOHA算法输入信号 | R92: SbCLTH_MaxCellVMdulTVldFlg | S92: / | T92: / | U92: /
C93: RBMS_MinCellVMdulTVldFlg | D93: Min Voltage Cell Temp Validity 最小电压电芯温度有效性 | E93: =IF(INT((F93+G93-1)/8)+1=INT(F93/8)+1,INT(F93/8)+1,INT(F93/8)+1&"-"&INT((F93+G93-1)/8)+1) -> 232 | F93: =F92+G92 -> 1848 | G93: 8 | H93: 1 | I93: 0 | J93: 0 | K93: =(POWER(2,G93)-1)*H93+I93 -> 255 | L93: 0 | M93: flg | N93: =LEN(K93) -> 3 | O93: Enum 0X0: Invalid; 0X1: Valid; | Q93: songx0830：新增SOCA/SOHA算法输入信号 | R93: SbCLTH_MinCellVMdulTVldFlg | S93: / | T93: / | U93: /
C94: RBMS_A | D94: DC Bus Current (A) 总线电流 (A) | E94: =IF(INT((F94+G94-1)/8)+1=INT(F94/8)+1,INT(F94/8)+1,INT(F94/8)+1&"-"&INT((F94+G94-1)/8)+1) -> 233-234 | F94: =F93+G93 -> 1856 | G94: 16 | H94: 0.125 | I94: -2000 | J94: -2000 | K94: =(POWER(2,G94)-1)*H94+I94 -> 6191.875 | L94: 0 | M94: A | N94: =LEN(K94) -> 8 | P94: Rack采样信息,Rack Sampling Information[3,6] | R94: ScEMCT_RBMS_A | S94: / | T94: BSWSRackA | U94: /
C95: RBMS_A1 | D95: Rack Current of Sensor 1 (A) 传感器1的簇电流 (A) | E95: =IF(INT((F95+G95-1)/8)+1=INT(F95/8)+1,INT(F95/8)+1,INT(F95/8)+1&"-"&INT((F95+G95-1)/8)+1) -> 235-236 | F95: =F94+G94 -> 1872 | G95: 16 | H95: 0.125 | I95: -2000 | J95: -2000 | K95: =(POWER(2,G95)-1)*H95+I95 -> 6191.875 | L95: 0 | M95: A | N95: =LEN(K95) -> 8 | P95: Rack采样信息,Rack Sampling Information[3,7] | R95: SaEMCT_RBMS_A[0] | S95: / | T95: / | U95: /
C96: RBMS_A2 | D96: Rack Current of Sensor 2 (A) 传感器2的簇电流 (A) | E96: =IF(INT((F96+G96-1)/8)+1=INT(F96/8)+1,INT(F96/8)+1,INT(F96/8)+1&"-"&INT((F96+G96-1)/8)+1) -> 237-238 | F96: =F95+G95 -> 1888 | G96: 16 | H96: 0.125 | I96: -2000 | J96: -2000 | K96: =(POWER(2,G96)-1)*H96+I96 -> 6191.875 | L96: 0 | M96: A | N96: =LEN(K96) -> 8 | P96: Rack采样信息,Rack Sampling Information[3,8] | R96: SaEMCT_RBMS_A[1] | S96: / | T96: / | U96: /
C97: RBMS_BalBdTmpMin | D97: Min Balancing Board Temp (℃) 最低均衡板温 (℃) | E97: =IF(INT((F97+G97-1)/8)+1=INT(F97/8)+1,INT(F97/8)+1,INT(F97/8)+1&"-"&INT((F97+G97-1)/8)+1) -> 239-240 | F97: =F96+G96 -> 1904 | G97: 16 | H97: 0.1 | I97: -40 | J97: -40 | K97: =(POWER(2,G97)-1)*H97+I97 -> 6513.5 | L97: 0 | M97: ℃ | N97: =LEN(K97) -> 6 | R97: ScCLTH_MinPCBBdTDegC | S97: / | T97: / | U97: /
C98: RBMS_PreChrgRT | D98: Precharge Resistor Temp (℃) 预充电阻温度 (℃) | E98: =IF(INT((F98+G98-1)/8)+1=INT(F98/8)+1,INT(F98/8)+1,INT(F98/8)+1&"-"&INT((F98+G98-1)/8)+1) -> 241 | F98: =F97+G97 -> 1920 | G98: 8 | H98: 1 | I98: -40 | J98: -40 | K98: =(POWER(2,G98)-1)*H98+I98 -> 215 | L98: 0 | M98: ℃ | N98: =LEN(K98) -> 3 | R98: ScEMCT_RBMS_PreChrgRT | S98: / | T98: BSWSRackPreChrgRT
C99: RBMS_RlyCtrlCmd | D99: Relay Control Cmd 继电器控制命令 | E99: =IF(INT((F99+G99-1)/8)+1=INT(F99/8)+1,INT(F99/8)+1,INT(F99/8)+1&"-"&INT((F99+G99-1)/8)+1) -> 242 | F99: =F98+G98 -> 1928 | G99: 8 | H99: 1 | I99: 0 | J99: 0 | K99: =(POWER(2,G99)-1)*H99+I99 -> 255 | L99: 0 | M99: / | N99: =LEN(K99) -> 3 | O99: Bit0[0]: Precharge Relay Control Cmd;预充继电器控制命令 Signal; 0X0-Default; 0X1-Control; Bit1[0]: Main Negative Relay Control Cmd;主负继电器控制命令 Signal; 0X0-Default; 0X1-Control; Bit2[0]: Main Positive Relay Control Cmd;主正继电器控制命令 Signal; 0X0-Default; 0X1-Control; Bit3[0]: Main Positive Relay High-Side Control Cmd;主正继电器高边控制命令 Signal; 0X0-Default; 0X1-Control; Bit4[0]: Main Positive Relay Low-Side Control Cmd;主正继电器低边控制命令 Signal; 0X0-Default; 0X1-Control; Bit5[0]: Main Negative Relay High-Side Control Cmd;主负继电器高边控制命令 Signal; 0X0-Default; 0X1-Control; Bit6[0]: Main Negative Relay Low-Side Control Cmd;主负继电器低边控制命令 Signal; 0X0-Default; 0X1-Control; | R99: ScEMCT_RBMS_RlyCtrlCmd | S99: / | U99: /
C100: RBMS_FaultEvt | D100: Fault Event 故障信息 | E100: =IF(INT((F100+G100-1)/8)+1=INT(F100/8)+1,INT(F100/8)+1,INT(F100/8)+1&"-"&INT((F100+G100-1)/8)+1) -> 243-246 | F100: =F99+G99 -> 1936 | G100: 32 | H100: 1 | I100: 0 | J100: 0 | K100: =(POWER(2,G100)-1)*H100+I100 -> 4294967295 | L100: 0 | M100: / | N100: =LEN(K100) -> 10 | O100: Bit0[0]：Cell Over Voltage Level 1;单体电压高一级故障 Signal; 0X0-Nomal; 0X1-Fault; Bit1[0]: Cell Under Voltage Level 1;单体电压低一级故障 Signal; 0X0-Nomal; 0X1-Fault; Bit2[0]: String Over Voltage Level 1;电池串过压一级故障 Signal; 0X0-Nomal; 0X1-Fault; Bit3[0]: String Under Voltage Level 1;电池串欠压一级故障 Signal; 0X0-Nomal; 0X1-Fault; Bit4[0]: Cell Over Voltage Level 2;单体电压高二级故障 Signal; 0X0-Nomal; 0X1-Fault; Bit5[0]: Cell Under Voltage Level 2;单体电压低二级故障 Signal; 0X0-Nomal; 0X1-Fault; Bit6[0]: String Over Voltage Level 2;电池串过压二故障 Signal; 0X0-Nomal; 0X1-Fault; Bit7[0]: String Under Voltage Level 2;电池串欠压二级故障 Signal; 0X0-Nomal; 0X1-Fault; Bit8[0]: Battery Over Temperature Level 1;过温一级故障 Signal; 0X0-Nomal; 0X1-Fault; Bit9[0]: Battery Under Temperature Level 1;欠温一级故障 Signal; 0X0-Nomal; 0X1-Fault; Bit10[0]: Cell Thermal Runaway Fault;电芯热失控故障 Signal; 0X0-Nomal; 0X1-Fault; Bit11[0]; Cell Extreme Over Voltage; 极限过压故障 Signal; 0X0-Nomal; 0X1-Fault; Bit12[0]: Cell Extreme Under Voltage ;极限欠压故障 Signal; 0X0-Nomal; 0X1-Fault; Bit13[0]: Cell Extreme Over Temperature;极限过温故障 Signal; 0X0-Nomal; 0X1-Fault; Bit14[0]: Cell Temperature Rise too Fast;温升过快故障 Signal; 0X0-Nomal; 0X1-Fault; | R100: ScEMCT_RBMS_FaultEvt | S100: / | T100: BSWSRackFaultEvt | U100: /
...

Sheet Device ID
A1: 设备类型 | B1: 主节点号 | C1: 子节点号
A2: Broadcast | B2: 0x00 | C2: 0
A3: HMI & BBMS_A | B3: 0x01 | C3: 0
A4: HMI | B4: 0x01 | C4: 1
A5: BBMS_A | B5: 0x01 | C5: 2
A6: BBMS_M | B6: 0x03 | C6: 1
A7: RBMS | B7: 0x04 | C7: N（从1开始）
A8: Active_Balance | B8: 0x05 | C8: N

Sheet SSD Store Calculation
A1: ='Message ID'!A1 -> Message Name | B1: ='Message ID'!D1 -> Periodic Time (ms) | C1: ='Message ID'!O1 -> BBMS_A Store | D1: CSV Store Length(Byte) | E1: Rack Nbr | F1: Data RAM KB/Day | G1: Comma Nbr | H1: Comma RAM KB/Day | I1: LogTime RAM KB/Day
A2: ='Message ID'!A2 -> RBMS_SumInfo | B2: ='Message ID'!D2 -> 1000 | C2: ='Message ID'!O2 -> 1 | D2: =VLOOKUP(A2,'Comm Matrix'!A:N,14,FALSE) -> 805 | E2: =IF(OR(ISNUMBER(SEARCH("RBMS",A2)),ISNUMBER(SEARCH("Para",A2))),$F$52,1) -> 12 | F2: =IF(C2=1,D2*E2*60*60*24*C2/(B2/1000),0)/1024 -> 815062.5 | G2: {=MATCH(FALSE,INDEX(TRIM(INDIRECT("'Comm Matrix'!G"&(MATCH(A2,'Comm Matrix'!A:A,0)+1)&":G1000"))<>"",0),0)-1} -> 129 | H2: =IF(C2=1,G2*E2*60*60*24*C2/(B2/1000),0)/1024 -> 130612.5 | I2: =IF(C2=1,19*E2*60*60*24*C2/(B2/1000),0)/1024 -> 19237.5
A3: ='Message ID'!A3 -> RBMS_Volt | B3: ='Message ID'!D3 -> 1000 | C3: ='Message ID'!O3 -> 1 | D3: =VLOOKUP(A3,'Comm Matrix'!A:N,14,FALSE) -> 2400 | E3: =IF(OR(ISNUMBER(SEARCH("RBMS",A3)),ISNUMBER(SEARCH("Para",A3))),$F$52,1) -> 12 | F3: =IF(C3=1,D3*E3*60*60*24*C3/(B3/1000),0)/1024 -> 2430000 | G3: =416+416+32 -> 864 | H3: =IF(C3=1,G3*E3*60*60*24*C3/(B3/1000),0)/1024 -> 874800 | I3: =IF(C3=1,19*E3*60*60*24*C3/(B3/1000),0)/1024 -> 19237.5
A4: ='Message ID'!A4 -> RBMS_Temp | B4: ='Message ID'!D4 -> 1000 | C4: ='Message ID'!O4 -> 1 | D4: =VLOOKUP(A4,'Comm Matrix'!A:N,14,FALSE) -> 2672 | E4: =IF(OR(ISNUMBER(SEARCH("RBMS",A4)),ISNUMBER(SEARCH("Para",A4))),$F$52,1) -> 12 | F4: =IF(C4=1,D4*E4*60*60*24*C4/(B4/1000),0)/1024 -> 2705400 | G4: =416+64+16+32+32 -> 560 | H4: =IF(C4=1,G4*E4*60*60*24*C4/(B4/1000),0)/1024 -> 567000 | I4: =IF(C4=1,19*E4*60*60*24*C4/(B4/1000),0)/1024 -> 19237.5
A5: ='Message ID'!A5 -> RBMS_CellBalSt | B5: ='Message ID'!D5 -> 10000 | C5: ='Message ID'!O5 -> 1 | D5: =VLOOKUP(A5,'Comm Matrix'!A:N,14,FALSE) -> 416 | E5: =IF(OR(ISNUMBER(SEARCH("RBMS",A5)),ISNUMBER(SEARCH("Para",A5))),$F$52,1) -> 12 | F5: =IF(C5=1,D5*E5*60*60*24*C5/(B5/1000),0)/1024 -> 42120 | G5: =416 -> 416 | H5: =IF(C5=1,G5*E5*60*60*24*C5/(B5/1000),0)/1024 -> 42120 | I5: =IF(C5=1,19*E5*60*60*24*C5/(B5/1000),0)/1024 -> 1923.75
A6: ='Message ID'!A6 -> RBMS_CellSdr | B6: ='Message ID'!D6 -> 30000 | C6: ='Message ID'!O6 -> 0 | D6: =VLOOKUP(A6,'Comm Matrix'!A:N,14,FALSE) -> 2080 | E6: =IF(OR(ISNUMBER(SEARCH("RBMS",A6)),ISNUMBER(SEARCH("Para",A6))),$F$52,1) -> 12 | F6: =IF(C6=1,D6*E6*60*60*24*C6/(B6/1000),0)/1024 -> 0 | G6: =416 -> 416 | H6: =IF(C6=1,G6*E6*60*60*24*C6/(B6/1000),0)/1024 -> 0 | I6: =IF(C6=1,19*E6*60*60*24*C6/(B6/1000),0)/1024 -> 0
A7: ='Message ID'!A7 -> RBMS_Fault | B7: ='Message ID'!D7 -> 1000 | C7: ='Message ID'!O7 -> 1 | D7: =VLOOKUP(A7,'Comm Matrix'!A:N,14,FALSE) -> 200 | E7: =IF(OR(ISNUMBER(SEARCH("RBMS",A7)),ISNUMBER(SEARCH("Para",A7))),$F$52,1) -> 12 | F7: =IF(C7=1,D7*E7*60*60*24*C7/(B7/1000),0)/1024 -> 202500 | G7: =200 -> 200 | H7: =IF(C7=1,G7*E7*60*60*24*C7/(B7/1000),0)/1024 -> 202500 | I7: =IF(C7=1,19*E7*60*60*24*C7/(B7/1000),0)/1024 -> 19237.5
A8: ='Message ID'!A8 -> BBMS_SumInfo | B8: ='Message ID'!D8 -> 1000 | C8: ='Message ID'!O8 -> 1 | D8: =VLOOKUP(A8,'Comm Matrix'!A:N,14,FALSE) -> 366 | E8: =IF(OR(ISNUMBER(SEARCH("RBMS",A8)),ISNUMBER(SEARCH("Para",A8))),$F$52,1) -> 1 | F8: =IF(C8=1,D8*E8*60*60*24*C8/(B8/1000),0)/1024 -> 30881.25 | G8: {=MATCH(FALSE,INDEX(TRIM(INDIRECT("'Comm Matrix'!G"&(MATCH(A8,'Comm Matrix'!A:A,0)+1)&":G1000"))<>"",0),0)-1} -> 77 | H8: =IF(C8=1,G8*E8*60*60*24*C8/(B8/1000),0)/1024 -> 6496.875 | I8: =IF(C8=1,19*E8*60*60*24*C8/(B8/1000),0)/1024 -> 1603.125
A9: ='Message ID'!A9 -> BBMS_Fault | B9: ='Message ID'!D9 -> 1000 | C9: ='Message ID'!O9 -> 1 | D9: =VLOOKUP(A9,'Comm Matrix'!A:N,14,FALSE) -> 200 | E9: =IF(OR(ISNUMBER(SEARCH("RBMS",A9)),ISNUMBER(SEARCH("Para",A9))),$F$52,1) -> 1 | F9: =IF(C9=1,D9*E9*60*60*24*C9/(B9/1000),0)/1024 -> 16875 | G9: =200 -> 200 | H9: =IF(C9=1,G9*E9*60*60*24*C9/(B9/1000),0)/1024 -> 16875 | I9: =IF(C9=1,19*E9*60*60*24*C9/(B9/1000),0)/1024 -> 1603.125
A10: ='Message ID'!A10 -> BBMS_CtlWord | B10: ='Message ID'!D10 -> 1000 | C10: ='Message ID'!O10 -> 0 | D10: =VLOOKUP(A10,'Comm Matrix'!A:N,14,FALSE) -> 22 | E10: =IF(OR(ISNUMBER(SEARCH("RBMS",A10)),ISNUMBER(SEARCH("Para",A10))),$F$52,1) -> 1 | F10: =IF(C10=1,D10*E10*60*60*24*C10/(B10/1000),0)/1024 -> 0 | G10: {=MATCH(FALSE,INDEX(TRIM(INDIRECT("'Comm Matrix'!G"&(MATCH(A10,'Comm Matrix'!A:A,0)+1)&":G1000"))<>"",0),0)-1} -> 12 | H10: =IF(C10=1,G10*E10*60*60*24*C10/(B10/1000),0)/1024 -> 0 | I10: =IF(C10=1,19*E10*60*60*24*C10/(B10/1000),0)/1024 -> 0
A11: ='Message ID'!A11 -> BBMS_CtlWord | B11: ='Message ID'!D11 -> 1000 | C11: ='Message ID'!O11 -> 1 | D11: =VLOOKUP(A11,'Comm Matrix'!A:N,14,FALSE) -> 22 | E11: 12 | F11: =IF(C11=1,D11*E11*60*60*24*C11/(B11/1000),0)/1024 -> 22275 | G11: {=MATCH(FALSE,INDEX(TRIM(INDIRECT("'Comm Matrix'!G"&(MATCH(A11,'Comm Matrix'!A:A,0)+1)&":G1000"))<>"",0),0)-1} -> 12 | H11: =IF(C11=1,G11*E11*60*60*24*C11/(B11/1000),0)/1024 -> 12150 | I11: =IF(C11=1,19*E11*60*60*24*C11/(B11/1000),0)/1024 -> 19237.5
A12: ='Message ID'!A12 -> HMI_CtlWord | B12: ='Message ID'!D12 -> / | C12: ='Message ID'!O12 -> 0 | D12: =VLOOKUP(A12,'Comm Matrix'!A:N,14,FALSE) -> 20 | E12: =IF(OR(ISNUMBER(SEARCH("RBMS",A12)),ISNUMBER(SEARCH("Para",A12))),$F$52,1) -> 1 | F12: =IF(C12=1,D12*E12*60*60*24*C12/(B12/1000),0)/1024 -> 0 | G12: {=MATCH(FALSE,INDEX(TRIM(INDIRECT("'Comm Matrix'!G"&(MATCH(A12,'Comm Matrix'!A:A,0)+1)&":G1000"))<>"",0),0)-1} -> 13 | H12: =IF(C12=1,G12*E12*60*60*24*C12/(B12/1000),0)/1024 -> 0 | I12: =IF(C12=1,19*E12*60*60*24*C12/(B12/1000),0)/1024 -> 0
A13: ='Message ID'!A13 -> HMI_TMSCtrlWord | B13: ='Message ID'!D13 -> / | C13: ='Message ID'!O13 -> 0 | D13: =VLOOKUP(A13,'Comm Matrix'!A:N,14,FALSE) -> 7 | E13: =IF(OR(ISNUMBER(SEARCH("RBMS",A13)),ISNUMBER(SEARCH("Para",A13))),$F$52,1) -> 1 | F13: =IF(C13=1,D13*E13*60*60*24*C13/(B13/1000),0)/1024 -> 0 | G13: {=MATCH(FALSE,INDEX(TRIM(INDIRECT("'Comm Matrix'!G"&(MATCH(A13,'Comm Matrix'!A:A,0)+1)&":G1000"))<>"",0),0)-1} -> 4 | H13: =IF(C13=1,G13*E13*60*60*24*C13/(B13/1000),0)/1024 -> 0 | I13: =IF(C13=1,19*E13*60*60*24*C13/(B13/1000),0)/1024 -> 0
A14: ='Message ID'!A14 -> HMI_TMSCtrlWord | B14: ='Message ID'!D14 -> / | C14: ='Message ID'!O14 -> 0 | D14: =VLOOKUP(A14,'Comm Matrix'!A:N,14,FALSE) -> 7 | E14: 12 | F14: =IF(C14=1,D14*E14*60*60*24*C14/(B14/1000),0)/1024 -> 0 | G14: {=MATCH(FALSE,INDEX(TRIM(INDIRECT("'Comm Matrix'!G"&(MATCH(A14,'Comm Matrix'!A:A,0)+1)&":G1000"))<>"",0),0)-1} -> 4 | H14: =IF(C14=1,G14*E14*60*60*24*C14/(B14/1000),0)/1024 -> 0 | I14: =IF(C14=1,19*E14*60*60*24*C14/(B14/1000),0)/1024 -> 0
A15: ='Message ID'!A15 -> HMI_BankDOCtrl | B15: ='Message ID'!D15 -> / | C15: ='Message ID'!O15 -> 0 | D15: =VLOOKUP(A15,'Comm Matrix'!A:N,14,FALSE) -> 1 | E15: =IF(OR(ISNUMBER(SEARCH("RBMS",A15)),ISNUMBER(SEARCH("Para",A15))),$F$52,1) -> 1 | F15: =IF(C15=1,D15*E15*60*60*24*C15/(B15/1000),0)/1024 -> 0 | G15: {=MATCH(FALSE,INDEX(TRIM(INDIRECT("'Comm Matrix'!G"&(MATCH(A15,'Comm Matrix'!A:A,0)+1)&":G1000"))<>"",0),0)-1} -> 1 | H15: =IF(C15=1,G15*E15*60*60*24*C15/(B15/1000),0)/1024 -> 0 | I15: =IF(C15=1,19*E15*60*60*24*C15/(B15/1000),0)/1024 -> 0
A16: ='Message ID'!A16 -> HMI_RackCaliCtrl | B16: ='Message ID'!D16 -> / | C16: ='Message ID'!O16 -> 0 | D16: =VLOOKUP(A16,'Comm Matrix'!A:N,14,FALSE) -> 42 | E16: =IF(OR(ISNUMBER(SEARCH("RBMS",A16)),ISNUMBER(SEARCH("Para",A16))),$F$52,1) -> 1 | F16: =IF(C16=1,D16*E16*60*60*24*C16/(B16/1000),0)/1024 -> 0 | G16: {=MATCH(FALSE,INDEX(TRIM(INDIRECT("'Comm Matrix'!G"&(MATCH(A16,'Comm Matrix'!A:A,0)+1)&":G1000"))<>"",0),0)-1} -> 11 | H16: =IF(C16=1,G16*E16*60*60*24*C16/(B16/1000),0)/1024 -> 0 | I16: =IF(C16=1,19*E16*60*60*24*C16/(B16/1000),0)/1024 -> 0
A17: ='Message ID'!A17 -> HMI_RBMSRlyCtrl | B17: ='Message ID'!D17 -> / | C17: ='Message ID'!O17 -> 0 | D17: =VLOOKUP(A17,'Comm Matrix'!A:N,14,FALSE) -> 7 | E17: =IF(OR(ISNUMBER(SEARCH("RBMS",A17)),ISNUMBER(SEARCH("Para",A17))),$F$52,1) -> 12 | F17: =IF(C17=1,D17*E17*60*60*24*C17/(B17/1000),0)/1024 -> 0 | G17: {=MATCH(FALSE,INDEX(TRIM(INDIRECT("'Comm Matrix'!G"&(MATCH(A17,'Comm Matrix'!A:A,0)+1)&":G1000"))<>"",0),0)-1} -> 3 | H17: =IF(C17=1,G17*E17*60*60*24*C17/(B17/1000),0)/1024 -> 0 | I17: =IF(C17=1,19*E17*60*60*24*C17/(B17/1000),0)/1024 -> 0
A18: ='Message ID'!A18 -> TMS_SumInfo | B18: ='Message ID'!D18 -> 1000 | C18: ='Message ID'!O18 -> 1 | D18: =VLOOKUP(A18,'Comm Matrix'!A:N,14,FALSE) -> 34 | E18: =IF(OR(ISNUMBER(SEARCH("RBMS",A18)),ISNUMBER(SEARCH("Para",A18))),$F$52,1) -> 1 | F18: =IF(C18=1,D18*E18*60*60*24*C18/(B18/1000),0)/1024 -> 2868.75 | G18: {=MATCH(FALSE,INDEX(TRIM(INDIRECT("'Comm Matrix'!G"&(MATCH(A18,'Comm Matrix'!A:A,0)+1)&":G1000"))<>"",0),0)-1} -> 15 | H18: =IF(C18=1,G18*E18*60*60*24*C18/(B18/1000),0)/1024 -> 1265.625 | I18: =IF(C18=1,19*E18*60*60*24*C18/(B18/1000),0)/1024 -> 1603.125
A19: ='Message ID'!A19 -> TMS_SumInfo | B19: ='Message ID'!D19 -> 1000 | C19: ='Message ID'!O19 -> 1 | D19: =VLOOKUP(A19,'Comm Matrix'!A:N,14,FALSE) -> 34 | E19: 12 | F19: =IF(C19=1,D19*E19*60*60*24*C19/(B19/1000),0)/1024 -> 34425 | G19: {=MATCH(FALSE,INDEX(TRIM(INDIRECT("'Comm Matrix'!G"&(MATCH(A19,'Comm Matrix'!A:A,0)+1)&":G1000"))<>"",0),0)-1} -> 15 | H19: =IF(C19=1,G19*E19*60*60*24*C19/(B19/1000),0)/1024 -> 15187.5 | I19: =IF(C19=1,19*E19*60*60*24*C19/(B19/1000),0)/1024 -> 19237.5
A20: ='Message ID'!A20 -> ParaThr_CellV | B20: ='Message ID'!D20 -> / | C20: ='Message ID'!O20 -> 0 | D20: =VLOOKUP(A20,'Comm Matrix'!A:N,14,FALSE) -> 67 | E20: =IF(OR(ISNUMBER(SEARCH("RBMS",A20)),ISNUMBER(SEARCH("Para",A20))),$F$52,1) -> 12 | F20: =IF(C20=1,D20*E20*60*60*24*C20/(B20/1000),0)/1024 -> 0 | G20: {=MATCH(FALSE,INDEX(TRIM(INDIRECT("'Comm Matrix'!G"&(MATCH(A20,'Comm Matrix'!A:A,0)+1)&":G1000"))<>"",0),0)-1} -> 18 | H20: =IF(C20=1,G20*E20*60*60*24*C20/(B20/1000),0)/1024 -> 0 | I20: =IF(C20=1,19*E20*60*60*24*C20/(B20/1000),0)/1024 -> 0
A21: ='Message ID'!A21 -> ParaThr_CellV | B21: ='Message ID'!D21 -> / | C21: ='Message ID'!O21 -> 0 | D21: =VLOOKUP(A21,'Comm Matrix'!A:N,14,FALSE) -> 67 | E21: =IF(OR(ISNUMBER(SEARCH("RBMS",A21)),ISNUMBER(SEARCH("Para",A21))),$F$52,1) -> 12 | F21: =IF(C21=1,D21*E21*60*60*24*C21/(B21/1000),0)/1024 -> 0 | G21: {=MATCH(FALSE,INDEX(TRIM(INDIRECT("'Comm Matrix'!G"&(MATCH(A21,'Comm Matrix'!A:A,0)+1)&":G1000"))<>"",0),0)-1} -> 18 | H21: =IF(C21=1,G21*E21*60*60*24*C21/(B21/1000),0)/1024 -> 0 | I21: =IF(C21=1,19*E21*60*60*24*C21/(B21/1000),0)/1024 -> 0
A22: ='Message ID'!A22 -> ParaThr_RackV | B22: ='Message ID'!D22 -> / | C22: ='Message ID'!O22 -> 0 | D22: =VLOOKUP(A22,'Comm Matrix'!A:N,14,FALSE) -> 10 | E22: =IF(OR(ISNUMBER(SEARCH("RBMS",A22)),ISNUMBER(SEARCH("Para",A22))),$F$52,1) -> 12 | F22: =IF(C22=1,D22*E22*60*60*24*C22/(B22/1000),0)/1024 -> 0 | G22: {=MATCH(FALSE,INDEX(TRIM(INDIRECT("'Comm Matrix'!G"&(MATCH(A22,'Comm Matrix'!A:A,0)+1)&":G1000"))<>"",0),0)-1} -> 10 | H22: =IF(C22=1,G22*E22*60*60*24*C22/(B22/1000),0)/1024 -> 0 | I22: =IF(C22=1,19*E22*60*60*24*C22/(B22/1000),0)/1024 -> 0
A23: ='Message ID'!A23 -> ParaThr_RackV | B23: ='Message ID'!D23 -> / | C23: ='Message ID'!O23 -> 0 | D23: =VLOOKUP(A23,'Comm Matrix'!A:N,14,FALSE) -> 10 | E23: =IF(OR(ISNUMBER(SEARCH("RBMS",A23)),ISNUMBER(SEARCH("Para",A23))),$F$52,1) -> 12 | F23: =IF(C23=1,D23*E23*60*60*24*C23/(B23/1000),0)/1024 -> 0 | G23: {=MATCH(FALSE,INDEX(TRIM(INDIRECT("'Comm Matrix'!G"&(MATCH(A23,'Comm Matrix'!A:A,0)+1)&":G1000"))<>"",0),0)-1} -> 10 | H23: =IF(C23=1,G23*E23*60*60*24*C23/(B23/1000),0)/1024 -> 0 | I23: =IF(C23=1,19*E23*60*60*24*C23/(B23/1000),0)/1024 -> 0
A24: ='Message ID'!A24 -> ParaThr_RackI | B24: ='Message ID'!D24 -> / | C24: ='Message ID'!O24 -> 0 | D24: =VLOOKUP(A24,'Comm Matrix'!A:N,14,FALSE) -> 60 | E24: =IF(OR(ISNUMBER(SEARCH("RBMS",A24)),ISNUMBER(SEARCH("Para",A24))),$F$52,1) -> 12 | F24: =IF(C24=1,D24*E24*60*60*24*C24/(B24/1000),0)/1024 -> 0 | G24: {=MATCH(FALSE,INDEX(TRIM(INDIRECT("'Comm Matrix'!G"&(MATCH(A24,'Comm Matrix'!A:A,0)+1)&":G1000"))<>"",0),0)-1} -> 10 | H24: =IF(C24=1,G24*E24*60*60*24*C24/(B24/1000),0)/1024 -> 0 | I24: =IF(C24=1,19*E24*60*60*24*C24/(B24/1000),0)/1024 -> 0
A25: ='Message ID'!A25 -> ParaThr_RackI | B25: ='Message ID'!D25 -> / | C25: ='Message ID'!O25 -> 0 | D25: =VLOOKUP(A25,'Comm Matrix'!A:N,14,FALSE) -> 60 | E25: =IF(OR(ISNUMBER(SEARCH("RBMS",A25)),ISNUMBER(SEARCH("Para",A25))),$F$52,1) -> 12 | F25: =IF(C25=1,D25*E25*60*60*24*C25/(B25/1000),0)/1024 -> 0 | G25: {=MATCH(FALSE,INDEX(TRIM(INDIRECT("'Comm Matrix'!G"&(MATCH(A25,'Comm Matrix'!A:A,0)+1)&":G1000"))<>"",0),0)-1} -> 10 | H25: =IF(C25=1,G25*E25*60*60*24*C25/(B25/1000),0)/1024 -> 0 | I25: =IF(C25=1,19*E25*60*60*24*C25/(B25/1000),0)/1024 -> 0
A26: ='Message ID'!A26 -> ParaThr_ModuleT | B26: ='Message ID'!D26 -> / | C26: ='Message ID'!O26 -> 0 | D26: =VLOOKUP(A26,'Comm Matrix'!A:N,14,FALSE) -> 140 | E26: =IF(OR(ISNUMBER(SEARCH("RBMS",A26)),ISNUMBER(SEARCH("Para",A26))),$F$52,1) -> 12 | F26: =IF(C26=1,D26*E26*60*60*24*C26/(B26/1000),0)/1024 -> 0 | G26: {=MATCH(FALSE,INDEX(TRIM(INDIRECT("'Comm Matrix'!G"&(MATCH(A26,'Comm Matrix'!A:A,0)+1)&":G1000"))<>"",0),0)-1} -> 28 | H26: =IF(C26=1,G26*E26*60*60*24*C26/(B26/1000),0)/1024 -> 0 | I26: =IF(C26=1,19*E26*60*60*24*C26/(B26/1000),0)/1024 -> 0
A27: ='Message ID'!A27 -> ParaThr_ModuleT | B27: ='Message ID'!D27 -> / | C27: ='Message ID'!O27 -> 0 | D27: =VLOOKUP(A27,'Comm Matrix'!A:N,14,FALSE) -> 140 | E27: =IF(OR(ISNUMBER(SEARCH("RBMS",A27)),ISNUMBER(SEARCH("Para",A27))),$F$52,1) -> 12 | F27: =IF(C27=1,D27*E27*60*60*24*C27/(B27/1000),0)/1024 -> 0 | G27: {=MATCH(FALSE,INDEX(TRIM(INDIRECT("'Comm Matrix'!G"&(MATCH(A27,'Comm Matrix'!A:A,0)+1)&":G1000"))<>"",0),0)-1} -> 28 | H27: =IF(C27=1,G27*E27*60*60*24*C27/(B27/1000),0)/1024 -> 0 | I27: =IF(C27=1,19*E27*60*60*24*C27/(B27/1000),0)/1024 -> 0
A28: ='Message ID'!A28 -> ParaThr_SOX | B28: ='Message ID'!D28 -> / | C28: ='Message ID'!O28 -> 0 | D28: =VLOOKUP(A28,'Comm Matrix'!A:N,14,FALSE) -> 36 | E28: =IF(OR(ISNUMBER(SEARCH("RBMS",A28)),ISNUMBER(SEARCH("Para",A28))),$F$52,1) -> 12 | F28: =IF(C28=1,D28*E28*60*60*24*C28/(B28/1000),0)/1024 -> 0 | G28: {=MATCH(FALSE,INDEX(TRIM(INDIRECT("'Comm Matrix'!G"&(MATCH(A28,'Comm Matrix'!A:A,0)+1)&":G1000"))<>"",0),0)-1} -> 13 | H28: =IF(C28=1,G28*E28*60*60*24*C28/(B28/1000),0)/1024 -> 0 | I28: =IF(C28=1,19*E28*60*60*24*C28/(B28/1000),0)/1024 -> 0
A29: ='Message ID'!A29 -> ParaThr_SOX | B29: ='Message ID'!D29 -> / | C29: ='Message ID'!O29 -> 0 | D29: =VLOOKUP(A29,'Comm Matrix'!A:N,14,FALSE) -> 36 | E29: =IF(OR(ISNUMBER(SEARCH("RBMS",A29)),ISNUMBER(SEARCH("Para",A29))),$F$52,1) -> 12 | F29: =IF(C29=1,D29*E29*60*60*24*C29/(B29/1000),0)/1024 -> 0 | G29: {=MATCH(FALSE,INDEX(TRIM(INDIRECT("'Comm Matrix'!G"&(MATCH(A29,'Comm Matrix'!A:A,0)+1)&":G1000"))<>"",0),0)-1} -> 13 | H29: =IF(C29=1,G29*E29*60*60*24*C29/(B29/1000),0)/1024 -> 0 | I29: =IF(C29=1,19*E29*60*60*24*C29/(B29/1000),0)/1024 -> 0
A30: ='Message ID'!A30 -> ParaThr_AUX | B30: ='Message ID'!D30 -> / | C30: ='Message ID'!O30 -> 0 | D30: =VLOOKUP(A30,'Comm Matrix'!A:N,14,FALSE) -> 1 | E30: =IF(OR(ISNUMBER(SEARCH("RBMS",A30)),ISNUMBER(SEARCH("Para",A30))),$F$52,1) -> 12 | F30: =IF(C30=1,D30*E30*60*60*24*C30/(B30/1000),0)/1024 -> 0 | G30: {=MATCH(FALSE,INDEX(TRIM(INDIRECT("'Comm Matrix'!G"&(MATCH(A30,'Comm Matrix'!A:A,0)+1)&":G1000"))<>"",0),0)-1} -> 1 | H30: =IF(C30=1,G30*E30*60*60*24*C30/(B30/1000),0)/1024 -> 0 | I30: =IF(C30=1,19*E30*60*60*24*C30/(B30/1000),0)/1024 -> 0
A31: ='Message ID'!A31 -> ParaThr_AUX | B31: ='Message ID'!D31 -> / | C31: ='Message ID'!O31 -> 0 | D31: =VLOOKUP(A31,'Comm Matrix'!A:N,14,FALSE) -> 1 | E31: =IF(OR(ISNUMBER(SEARCH("RBMS",A31)),ISNUMBER(SEARCH("Para",A31))),$F$52,1) -> 12 | F31: =IF(C31=1,D31*E31*60*60*24*C31/(B31/1000),0)/1024 -> 0 | G31: {=MATCH(FALSE,INDEX(TRIM(INDIRECT("'Comm Matrix'!G"&(MATCH(A31,'Comm Matrix'!A:A,0)+1)&":G1000"))<>"",0),0)-1} -> 1 | H31: =IF(C31=1,G31*E31*60*60*24*C31/(B31/1000),0)/1024 -> 0 | I31: =IF(C31=1,19*E31*60*60*24*C31/(B31/1000),0)/1024 -> 0
A32: ='Message ID'!A32 -> ParaThr_TMS | B32: ='Message ID'!D32 -> / | C32: ='Message ID'!O32 -> 0 | D32: =VLOOKUP(A32,'Comm Matrix'!A:N,14,FALSE) -> 24 | E32: 1 | F32: =IF(C32=1,D32*E32*60*60*24*C32/(B32/1000),0)/1024 -> 0 | G32: {=MATCH(FALSE,INDEX(TRIM(INDIRECT("'Comm Matrix'!G"&(MATCH(A32,'Comm Matrix'!A:A,0)+1)&":G1000"))<>"",0),0)-1} -> 8 | H32: =IF(C32=1,G32*E32*60*60*24*C32/(B32/1000),0)/1024 -> 0 | I32: =IF(C32=1,19*E32*60*60*24*C32/(B32/1000),0)/1024 -> 0
A33: ='Message ID'!A33 -> ParaThr_TMS | B33: ='Message ID'!D33 -> / | C33: ='Message ID'!O33 -> 0 | D33: =VLOOKUP(A33,'Comm Matrix'!A:N,14,FALSE) -> 24 | E33: 1 | F33: =IF(C33=1,D33*E33*60*60*24*C33/(B33/1000),0)/1024 -> 0 | G33: {=MATCH(FALSE,INDEX(TRIM(INDIRECT("'Comm Matrix'!G"&(MATCH(A33,'Comm Matrix'!A:A,0)+1)&":G1000"))<>"",0),0)-1} -> 8 | H33: =IF(C33=1,G33*E33*60*60*24*C33/(B33/1000),0)/1024 -> 0 | I33: =IF(C33=1,19*E33*60*60*24*C33/(B33/1000),0)/1024 -> 0
A34: ='Message ID'!A34 -> ParaThr_TMS | B34: ='Message ID'!D34 -> / | C34: ='Message ID'!O34 -> 0 | D34: =VLOOKUP(A34,'Comm Matrix'!A:N,14,FALSE) -> 24 | E34: =IF(OR(ISNUMBER(SEARCH("RBMS",A34)),ISNUMBER(SEARCH("Para",A34))),$F$52,1) -> 12 | F34: =IF(C34=1,D34*E34*60*60*24*C34/(B34/1000),0)/1024 -> 0 | G34: {=MATCH(FALSE,INDEX(TRIM(INDIRECT("'Comm Matrix'!G"&(MATCH(A34,'Comm Matrix'!A:A,0)+1)&":G1000"))<>"",0),0)-1} -> 8 | H34: =IF(C34=1,G34*E34*60*60*24*C34/(B34/1000),0)/1024 -> 0 | I34: =IF(C34=1,19*E34*60*60*24*C34/(B34/1000),0)/1024 -> 0
A35: ='Message ID'!A35 -> ParaThr_TMS | B35: ='Message ID'!D35 -> / | C35: ='Message ID'!O35 -> 0 | D35: =VLOOKUP(A35,'Comm Matrix'!A:N,14,FALSE) -> 24 | E35: =IF(OR(ISNUMBER(SEARCH("RBMS",A35)),ISNUMBER(SEARCH("Para",A35))),$F$52,1) -> 12 | F35: =IF(C35=1,D35*E35*60*60*24*C35/(B35/1000),0)/1024 -> 0 | G35: {=MATCH(FALSE,INDEX(TRIM(INDIRECT("'Comm Matrix'!G"&(MATCH(A35,'Comm Matrix'!A:A,0)+1)&":G1000"))<>"",0),0)-1} -> 8 | H35: =IF(C35=1,G35*E35*60*60*24*C35/(B35/1000),0)/1024 -> 0 | I35: =IF(C35=1,19*E35*60*60*24*C35/(B35/1000),0)/1024 -> 0
A36: ='Message ID'!A36 -> HMI_RBMSDOCtrl | B36: ='Message ID'!D36 -> / | C36: ='Message ID'!O36 -> 0 | D36: =VLOOKUP(A36,'Comm Matrix'!A:N,14,FALSE) -> 12 | E36: =IF(OR(ISNUMBER(SEARCH("RBMS",A36)),ISNUMBER(SEARCH("Para",A36))),$F$52,1) -> 12 | F36: =IF(C36=1,D36*E36*60*60*24*C36/(B36/1000),0)/1024 -> 0 | G36: {=MATCH(FALSE,INDEX(TRIM(INDIRECT("'Comm Matrix'!G"&(MATCH(A36,'Comm Matrix'!A:A,0)+1)&":G1000"))<>"",0),0)-1} -> 12 | H36: =IF(C36=1,G36*E36*60*60*24*C36/(B36/1000),0)/1024 -> 0 | I36: =IF(C36=1,19*E36*60*60*24*C36/(B36/1000),0)/1024 -> 0
A37: ='Message ID'!A37 -> HMI_BBMSDOCtrl | B37: ='Message ID'!D37 -> / | C37: ='Message ID'!O37 -> 0 | D37: =VLOOKUP(A37,'Comm Matrix'!A:N,14,FALSE) -> 12 | E37: =IF(OR(ISNUMBER(SEARCH("RBMS",A37)),ISNUMBER(SEARCH("Para",A37))),$F$52,1) -> 1 | F37: =IF(C37=1,D37*E37*60*60*24*C37/(B37/1000),0)/1024 -> 0 | G37: {=MATCH(FALSE,INDEX(TRIM(INDIRECT("'Comm Matrix'!G"&(MATCH(A37,'Comm Matrix'!A:A,0)+1)&":G1000"))<>"",0),0)-1} -> 12 | H37: =IF(C37=1,G37*E37*60*60*24*C37/(B37/1000),0)/1024 -> 0 | I37: =IF(C37=1,19*E37*60*60*24*C37/(B37/1000),0)/1024 -> 0
A38: ='Message ID'!A38 -> RBMS_SOXdebugData1 | B38: ='Message ID'!D38 -> 1000 | C38: ='Message ID'!O38 -> 1 | D38: =VLOOKUP(A38,'Comm Matrix'!A:N,14,FALSE) -> 155 | E38: =IF(OR(ISNUMBER(SEARCH("RBMS",A38)),ISNUMBER(SEARCH("Para",A38))),$F$52,1) -> 12 | F38: =IF(C38=1,D38*E38*60*60*24*C38/(B38/1000),0)/1024 -> 156937.5 | G38: {=MATCH(FALSE,INDEX(TRIM(INDIRECT("'Comm Matrix'!G"&(MATCH(A38,'Comm Matrix'!A:A,0)+1)&":G1000"))<>"",0),0)-1} -> 32 | H38: =IF(C38=1,G38*E38*60*60*24*C38/(B38/1000),0)/1024 -> 32400 | I38: =IF(C38=1,19*E38*60*60*24*C38/(B38/1000),0)/1024 -> 19237.5
A39: ='Message ID'!A39 -> RBMS_SOXdebugData2 | B39: ='Message ID'!D39 -> 1000 | C39: ='Message ID'!O39 -> 1 | D39: =VLOOKUP(A39,'Comm Matrix'!A:N,14,FALSE) -> 125 | E39: =IF(OR(ISNUMBER(SEARCH("RBMS",A39)),ISNUMBER(SEARCH("Para",A39))),$F$52,1) -> 12 | F39: =IF(C39=1,D39*E39*60*60*24*C39/(B39/1000),0)/1024 -> 126562.5 | G39: {=9+MATCH(TRUE,INDEX(TRIM(INDIRECT("'Comm Matrix'!A"&(MATCH(A39,'Comm Matrix'!A:A,0)+1)&":A1000"))<>"",0),0)-1} -> 40 | H39: =IF(C39=1,G39*E39*60*60*24*C39/(B39/1000),0)/1024 -> 40500 | I39: =IF(C39=1,19*E39*60*60*24*C39/(B39/1000),0)/1024 -> 19237.5
A40: ='Message ID'!A40 -> HMI_RackFaultCali | B40: ='Message ID'!D40 -> / | C40: ='Message ID'!O40 -> 0 | D40: =VLOOKUP(A40,'Comm Matrix'!A:N,14,FALSE) -> 8 | E40: =IF(OR(ISNUMBER(SEARCH("RBMS",A40)),ISNUMBER(SEARCH("Para",A40))),$F$52,1) -> 1 | F40: =IF(C40=1,D40*E40*60*60*24*C40/(B40/1000),0)/1024 -> 0 | G40: {=MATCH(FALSE,INDEX(TRIM(INDIRECT("'Comm Matrix'!G"&(MATCH(A40,'Comm Matrix'!A:A,0)+1)&":G1000"))<>"",0),0)-1} -> 2 | H40: =IF(C40=1,G40*E40*60*60*24*C40/(B40/1000),0)/1024 -> 0 | I40: =IF(C40=1,19*E40*60*60*24*C40/(B40/1000),0)/1024 -> 0
A41: ='Message ID'!A41 -> HMI_BankFaultCali | B41: ='Message ID'!D41 -> / | C41: ='Message ID'!O41 -> 0 | D41: =VLOOKUP(A41,'Comm Matrix'!A:N,14,FALSE) -> 1003 | E41: =IF(OR(ISNUMBER(SEARCH("RBMS",A41)),ISNUMBER(SEARCH("Para",A41))),$F$52,1) -> 1 | F41: =IF(C41=1,D41*E41*60*60*24*C41/(B41/1000),0)/1024 -> 0 | G41: {=MATCH(FALSE,INDEX(TRIM(INDIRECT("'Comm Matrix'!G"&(MATCH(A41,'Comm Matrix'!A:A,0)+1)&":G1000"))<>"",0),0)-1} -> 2 | H41: =IF(C41=1,G41*E41*60*60*24*C41/(B41/1000),0)/1024 -> 0 | I41: =IF(C41=1,19*E41*60*60*24*C41/(B41/1000),0)/1024 -> 0
A42: ='Message ID'!A42 -> HMI_FltOvTiNbr | B42: ='Message ID'!D42 -> / | C42: ='Message ID'!O42 -> 0 | D42: =VLOOKUP(A42,'Comm Matrix'!A:N,14,FALSE) -> 1000 | E42: =IF(OR(ISNUMBER(SEARCH("RBMS",A42)),ISNUMBER(SEARCH("Para",A42))),$F$52,1) -> 1 | F42: =IF(C42=1,D42*E42*60*60*24*C42/(B42/1000),0)/1024 -> 0 | G42: 200 | H42: =IF(C42=1,G42*E42*60*60*24*C42/(B42/1000),0)/1024 -> 0 | I42: =IF(C42=1,19*E42*60*60*24*C42/(B42/1000),0)/1024 -> 0
A43: ='Message ID'!A43 -> RBMS_Debug | B43: ='Message ID'!D43 -> 1000 | C43: ='Message ID'!O43 -> 1 | D43: =VLOOKUP(A43,'Comm Matrix'!A:N,14,FALSE) -> 63 | E43: =IF(OR(ISNUMBER(SEARCH("RBMS",A43)),ISNUMBER(SEARCH("Para",A43))),$F$52,1) -> 12 | F43: =IF(C43=1,D43*E43*60*60*24*C43/(B43/1000),0)/1024 -> 63787.5 | G43: {=MATCH(FALSE,INDEX(TRIM(INDIRECT("'Comm Matrix'!G"&(MATCH(A43,'Comm Matrix'!A:A,0)+1)&":G1000"))<>"",0),0)-1} -> 25 | H43: =IF(C43=1,G43*E43*60*60*24*C43/(B43/1000),0)/1024 -> 25312.5 | I43: =IF(C43=1,19*E43*60*60*24*C43/(B43/1000),0)/1024 -> 19237.5
A44: ='Message ID'!A44 -> BBMS_A_SOCInfo | B44: ='Message ID'!D44 -> 1000 | C44: ='Message ID'!O44 -> 1 | D44: =VLOOKUP(A44,'Comm Matrix'!A:N,14,FALSE) -> 344 | E44: =IF(OR(ISNUMBER(SEARCH("RBMS",A44)),ISNUMBER(SEARCH("Para",A44))),$F$52,1) -> 1 | F44: =IF(C44=1,D44*E44*60*60*24*C44/(B44/1000),0)/1024 -> 29025 | G44: =16+16+12+12+12 -> 68 | H44: =IF(C44=1,G44*E44*60*60*24*C44/(B44/1000),0)/1024 -> 5737.5 | I44: =IF(C44=1,19*E44*60*60*24*C44/(B44/1000),0)/1024 -> 1603.125
A45: ='Message ID'!A45 -> BBMS_A_SOHInfo | B45: ='Message ID'!D45 -> 1000 | C45: ='Message ID'!O45 -> 1 | D45: =VLOOKUP(A45,'Comm Matrix'!A:N,14,FALSE) -> 504 | E45: =IF(OR(ISNUMBER(SEARCH("RBMS",A45)),ISNUMBER(SEARCH("Para",A45))),$F$52,1) -> 1 | F45: =IF(C45=1,D45*E45*60*60*24*C45/(B45/1000),0)/1024 -> 42525 | G45: =16+16+16+12+12+12 -> 84 | H45: =IF(C45=1,G45*E45*60*60*24*C45/(B45/1000),0)/1024 -> 7087.5 | I45: =IF(C45=1,19*E45*60*60*24*C45/(B45/1000),0)/1024 -> 1603.125
A46: ='Message ID'!A46 -> BBMS_A_Fault | B46: ='Message ID'!D46 -> 1000 | C46: ='Message ID'!O46 -> 1 | D46: =VLOOKUP(A46,'Comm Matrix'!A:N,14,FALSE) -> 200 | E46: =IF(OR(ISNUMBER(SEARCH("RBMS",A46)),ISNUMBER(SEARCH("Para",A46))),$F$52,1) -> 1 | F46: =IF(C46=1,D46*E46*60*60*24*C46/(B46/1000),0)/1024 -> 16875 | G46: =200 -> 200 | H46: =IF(C46=1,G46*E46*60*60*24*C46/(B46/1000),0)/1024 -> 16875 | I46: =IF(C46=1,19*E46*60*60*24*C46/(B46/1000),0)/1024 -> 1603.125
A47: ='Message ID'!A47 -> HMI_FltEna | B47: ='Message ID'!D47 -> / | C47: ='Message ID'!O47 -> 0 | D47: =VLOOKUP(A47,'Comm Matrix'!A:N,14,FALSE) -> 200 | E47: =IF(OR(ISNUMBER(SEARCH("RBMS",A47)),ISNUMBER(SEARCH("Para",A47))),$F$52,1) -> 1 | F47: =IF(C47=1,D47*E47*60*60*24*C47/(B47/1000),0)/1024 -> 0 | G47: =200 -> 200 | H47: =IF(C47=1,G47*E47*60*60*24*C47/(B47/1000),0)/1024 -> 0 | I47: =IF(C47=1,19*E47*60*60*24*C47/(B47/1000),0)/1024 -> 0
A48: ='Message ID'!A48 -> HMI_FltEna | B48: ='Message ID'!D48 -> / | C48: ='Message ID'!O48 -> 0 | D48: =VLOOKUP(A48,'Comm Matrix'!A:N,14,FALSE) -> 200 | E48: =IF(OR(ISNUMBER(SEARCH("RBMS",A48)),ISNUMBER(SEARCH("Para",A48))),$F$52,1) -> 1 | F48: =IF(C48=1,D48*E48*60*60*24*C48/(B48/1000),0)/1024 -> 0 | G48: =200 -> 200 | H48: =IF(C48=1,G48*E48*60*60*24*C48/(B48/1000),0)/1024 -> 0 | I48: =IF(C48=1,19*E48*60*60*24*C48/(B48/1000),0)/1024 -> 0
A49: ='Message ID'!A49 -> BBMS_A_Selfdr | B49: ='Message ID'!D49 -> / | C49: ='Message ID'!O49 -> 0 | D49: =VLOOKUP(A49,'Comm Matrix'!A:N,14,FALSE) -> 13 | E49: =IF(OR(ISNUMBER(SEARCH("RBMS",A49)),ISNUMBER(SEARCH("Para",A49))),$F$52,1) -> 1 | F49: =IF(C49=1,D49*E49*60*60*24*C49/(B49/1000),0)/1024 -> 0 | G49: {=MATCH(FALSE,INDEX(TRIM(INDIRECT("'Comm Matrix'!G"&(MATCH(A49,'Comm Matrix'!A:A,0)+1)&":G1000"))<>"",0),0)-1} -> 3 | H49: =IF(C49=1,G49*E49*60*60*24*C49/(B49/1000),0)/1024 -> 0 | I49: =IF(C49=1,19*E49*60*60*24*C49/(B49/1000),0)/1024 -> 0
A50: ='Message ID'!A50 -> BBMS_SafetySignal | B50: ='Message ID'!D50 -> 1000 | C50: ='Message ID'!O50 -> 0 | D50: =VLOOKUP(A50,'Comm Matrix'!A:N,14,FALSE) -> 7 | E50: =IF(OR(ISNUMBER(SEARCH("RBMS",A50)),ISNUMBER(SEARCH("Para",A50))),$F$52,1) -> 1 | F50: =IF(C50=1,D50*E50*60*60*24*C50/(B50/1000),0)/1024 -> 0 | G50: {=MATCH(FALSE,INDEX(TRIM(INDIRECT("'Comm Matrix'!G"&(MATCH(A50,'Comm Matrix'!A:A,0)+1)&":G1000"))<>"",0),0)-1} -> 3 | H50: =IF(C50=1,G50*E50*60*60*24*C50/(B50/1000),0)/1024 -> 0 | I50: =IF(C50=1,19*E50*60*60*24*C50/(B50/1000),0)/1024 -> 0
A51: ='Message ID'!A51 -> BBMS_A_CtlWord | B51: ='Message ID'!D51 -> 1000 | C51: ='Message ID'!O51 -> 0 | D51: =VLOOKUP(A51,'Comm Matrix'!A:N,14,FALSE) -> 5 | E51: =IF(OR(ISNUMBER(SEARCH("RBMS",A51)),ISNUMBER(SEARCH("Para",A51))),$F$52,1) -> 1 | F51: =IF(C51=1,D51*E51*60*60*24*C51/(B51/1000),0)/1024 -> 0 | G51: {=MATCH(FALSE,INDEX(TRIM(INDIRECT("'Comm Matrix'!G"&(MATCH(A51,'Comm Matrix'!A:A,0)+1)&":G1000"))<>"",0),0)-1} -> 1 | H51: =IF(C51=1,G51*E51*60*60*24*C51/(B51/1000),0)/1024 -> 0 | I51: =IF(C51=1,19*E51*60*60*24*C51/(B51/1000),0)/1024 -> 0
E52: Rack Nbr Max | F52: 12
E53: Total KB/Day | F53: =SUM(F2:F50) -> 6738120 | H53: =SUM(H2:H50) -> 1996920 | I53: =SUM(I2:I50) -> 184680
E54: Total GB/Day | F54: =F53/1024/1024 -> 6.425972 | H54: =H53/1024/1024 -> 1.9044113 | I54: =I53/1024/1024 -> 0.17612457
E55: GB/Day | F55: =SUM(F54,H54:I54) -> 8.5065079
E56: SSD RAM GB | F56: 512
E57: Total Days | F57: =F56/F55 -> 60.189211
