Workbook

Sheet Cover
A1: BMS2.0控制器通信矩阵 项目名称： 编 制： 校 对： 审 核： 批 准： 2024年08月

Sheet Revision
A1: Version | B1: Date | C1: Revised by | D1: Reviewed by | E1: Description
A2: V1.0.0 | B2: 2024/8/12 | C2: yiwang | E2: 二、三级板数据协议首版
A3: V1.0.1 | B3: 2024/8/13 | C3: xuc01 | E3: 1.combine array, such as CellV/CellT/Fault 2.delete reserved signals 3.delete RBMS_FDUSt1-8/RBMS_FCUSt/RBMS_FireSt 4.signal order change 5.add review comment 6.add formula to caculate Byte/StartBit
A4: V1.0.2 | B4: 2024/8/14 | C4: zl | E4: 1.change cell and temp send periodic from 5000(ms) to 1000(ms); 2.change cell balancing state send periodic from 10000(ms) to 1000(ms); 3.change cell self-discharge send periodic from 30000(ms) to 1000(ms);
A5: V1.0.3 | B5: 2024/9/4 | C5: xuc01 | E5: 1.Sheet“Legend”更新字节序与位序 2.Sheet“StationID”地址问题 3.Sheet“Comm Matrix”删除列“SPN可疑参数编号”，删除详细数据报文发送周期列 4. start bit/byte 列重新计算 5. Unit列重新核对 6. 数据包整合 7. 信号中英文描述补充完整 8. 信号名称与上位机显示匹配 9. 补充信号值描述 10.补充cmdGroup，cmdid等信息 11.修改RBMS_ConFail的信号值描述 luof03 12.添加RBMS_CellTMUXFaiIDNbr的信号值描述 luof03
A6: V1.0.4 | B6: 2024/9/10 | C6: xuc01 | E6: BBMS_SumInfo中信号startbit修正
A7: V1.0.5 | B7: 2024/10/14 | C7: xuc01 | E7: 删除数据帧：RBMS_VendorVersionInfo 与 BBMS_VendorVersionInfo，这两帧信息在底层输出，不在通讯协议中体现
A8: V1.0.6 | B8: 2024/11/06 | C8: xuc01 | E8: add: TMS与参数阈值数据帧
A9: V1.0.7 | B9: 2024/11/12 | C9: zhangyf03 | E9: Sheet "Comm Matrix"： 1. 删除：数据帧BBMS_RTCInfo（底层已实现）、风扇控制信号HMI_CtrlBoxFanManualCtrl（MIC预制舱暂无风扇功能），列 Mapping Signal； 2. 新增列（用于自动化mapping）：Tx Mapping Signal(RBMS/BBMS)、Rx Mapping Signal(RBMS)、Rx Mapping Signal(BBMS)； 3. 新增数据帧（从已有数据帧中拆分得到）：HMI_TMSCtrlWord、HMI_BankDOCtrl、HMI_RackDOCtrl； 4. 修改错误名称 Falut -> Fault； Sheet "Message ID"： 1. 新增列：请求payload、BBMS-A； 2. BBMS_CtrlWord的HMI：Rx -> /；HMI_TMSCtrlWord/HMI_BankDOCtrl的RBMS：Rx -> /； 3. 根据新的BMS2.0协议重定义了cmdGroup、cmdid、请求payload、响应payload信息；
A10: V1.0.8 | B10: 2024/12/24 | C10: zhangyf03 | E10: Sheet "Comm Matrix": 1. 帧 TMS_Info：重命名为TMS_SumInfo，并与CANFD通信矩阵中TMS_SumInfo信号保持一致；补充mapping name； 2. 帧 ParaThr_TMS：修改信号 CcTHMC_EntCoolMaxTemUpLimtC 名称；修改数据类型为 fixdt(0, 16, 2^-6, -40)；删除目前未实现信号的mapping name； 3. 信号 RBMS_SumInfo/RBMS_DFCLPointTimeDay 的增益：0->1； 4. 分辨率修改： RBMS_LstChEkWh、RBMS_LstDchEkWh：0.0078125->0.1； BBMS_LstChEkWh、BBMS_LstDchEkWh：0.25->1； RBMS_IsoR、RBMS_IsoRPos、RBMS_IsoRNeg、BBMS_IsoRPos、BBMS_IsoRNeg：2->1； 5. mapping信号以及数据类型信号修改： RBMS_A: ScEMCT_RBMS_A -> ScSGPC_BatIA_dbug (fixdt(0, 32, 0.001, -2000)); RBMS_ModTmpMax: ScEMCT_RBMS_ModTmpMax -> ScCLTH_MaxCellTDegC (fixdt(0, 16, 2^-6, -40)); RBMS_ModTmpMin: ScEMCT_RBMS_ModTmpMin -> ScCLTH_MinCellTDegC (fixdt(0, 16, 2^-6, -40)); RBMS_ModTmpAvg: ScEMCT_RBMS_ModTmpAvg -> ScCLTH_AvgCellTDegC (fixdt(0, 16, 2^-6, -40)); RBMS_MaxPoleTDegC: ScEMCT_MaxPoleTDegC -> ScCLTH_MaxPoleTDegC (fixdt(0, 16, 2^-6, -40)); RBMS_MinPoleTDegC: ScEMCT_MinPoleTDegC -> ScCLTH_MinPoleTDegC (fixdt(0, 16, 2^-6, -40)); RBMS_AvgPoleTDegC: ScEMCT_AvgPoleTDegC -> ScCLTH_AvgPoleTDegC (fixdt(0, 16, 2^-6, -40)); RBMS_ModTmp: SaEMCT_RBMS_ModTmp -> SaCLTS_CellTDegC (fixdt(0, 16, 2^-6, -40)); RBMS_PoleTDegC: SaCLTS_CellTDegC (fixdt(0, 16, 2^-6, -40)); RBMS_MaxCellVMdulTDegC: ScCLTH_MaxCellVMdulTDegC (fixdt(0, 16, 2^-6, -40)); RBMS_MinCellVMdulTDegC: ScCLTH_MinCellVMdulTDegC (fixdt(0, 16, 2^-6, -40)); 6. 删除帧 BBMS_Forward，在底层实现； Sheet "Message ID"：TMS_Info -> TMS_SumInfo; 删除帧 BBMS_Forward；
A11: V1.0.9 | B11: 2024/12/27 | C11: zhangyf03 | E11: Sheet "Comm Matrix"：帧 ParaThr_CellV、ParaThr_RackI、ParaThr_ModuleT、ParaThr_SOX、ParaThr_AUX更新mapping信号名，并更新信号名与mapping信号名一致；； Sheet "Message ID"：更新各数据帧的接收/发送方； Sheet "Station ID"：修改IP Address；
A12: V1.0.10 | B12: 2025/01/06 | C12: zhangyf03 | E12: Sheet "Comm Matrix" & Sheet "Message ID"： 1. 新增帧 RBMS_PCBBdTemp，增加PCB板温及有效性数据； 2. 删除帧 ParaThd_TMS 中以 B/C 结尾的信号； 3. 帧 RBMS_Fault 只发给 BBMS_A，不再发给 BBMS_M；
A13: V1.0.11 | B13: 2025/01/13 | C13: zhangyf03 | E13: Sheet "Comm Matrix" & Sheet "Message ID"： 1. 帧 ParaThr_TMS：修改数据类型为 fixdt(0, 16, 2^-6, -40) -> fixdt(0, 8, 1, -40)； 2. 帧 RBMS_PCBBdTemp：接收方增加 HMI（但暂时无需HMI显示），便于与 BBMS_A 组播； 3. 帧 RBMS_SumInfo 中信号 RBMS_AccuDischrgAh、RBMS_AccuChrgAh：修改数据类型为 fixdt(0, 64, 0.001, 0) -> fixdt(0, 32, 1, 0)； 4. 上位机 DIDO 控制需求： a）本地/远程控制、使能控制、连接控制、故障清除、使能绝缘检测 已在原 HMI_CtlWord 帧实现；RBMS继电器强控 已在原 HMI_RackDOCtrl 中等效实现，重命名为 HMI_RBMSRlyCtrl； b）新增帧 HMI_RBMSDOCtrl、HMI_BBMSDOCtrl； c）DIDO状态显示已在底层实现；
... A16: V1.0.14 | B16: 2025/02/19 | C16: zhangyf03 | E16: Sheet "Comm Matrix"： 信号 RBMS_TMSFltLevel 的 Tx Mapping Signal：ScTMCR_TMSFltLevel→ScTMCR_TMSFltLevelState
A17: V1.0.15 | B17: 45713 | C17: zhangyf03 | E17: Sheet "Comm Matrix"： 帧 ParaThr_AUX 中删除信号 CcSOCA_FullChJudgeCellVmV、CcSOPC_FullDischCutVmV
A18: V1.0.16 | B18: 45727 | C18: zhangyf03 | E18: Sheet "Message ID": 1. 帧 RBMS_SumInfo 的 BBMS_M 列 "/" -> "Rx"； 2. 新增帧 RBMS_AFEVolt； Sheet "Comm Matrix"： 1. 根据 CANFD 通讯矩阵添加信号； 2. 新增帧 RBMS_AFEVolt； 3. 帧 RBMS_SumInfo： a）补充、修改"Rx Mapping Signal"列信号； b）对于涉及不同精度的电流、温度等信号，发给A核的信号名添加后缀"2"，对应的 Mapping 信号名称后添加后缀 "_A"；
A19: V1.0.17 | B19: 45737 | C19: zhangyf03 | E19: Sheet "Message ID": 1. 新增帧 HMI_RackFaultCali、HMI_BankFaultCali 相关命令，用于NVM批量标定故障次数； Sheet "Comm Matrix"： 1. 新增帧 HMI_RackFaultCali、HMI_BankFaultCali，用于NVM批量标定故障次数； 2. 帧 BBMS_SumInfo：信号 BBMS_ConFail 修改描述与 CANFD 中一致，删除信号 BBMS_CycleTimes； 3. 帧 RBMS_SumInfo：信号 RBMS_CellTMUXFaiIDNbr 变更，删除信号 RBMS_PoleTAllVldFlg； 4. SOX调试数据帧信号修改； 5. 帧 ParaThr_AUX：修改满充满放电压阈值信号；
A20: V1.0.18 | B20: 45744 | C20: zhangyf03 | E20: Sheet "Message ID": 1. 删除帧 HMI_RackFaultCali、HMI_BankFaultCali 的读取命令； Sheet "Comm Matrix"： 1. 帧 RBMS_SumInfo：删除信号 RBMS_CellOvTiNbr、RBMS_CellOvTempTiNbr、RBMS_FltProtnTiNbr；新增信号 RBMS_FltOvTiNbr，用于发送故障数组越限次数； 2. 帧 BBMS_SumInfo：新增信号 BBMS_FltOvTiNbr，用于发送故障数组越限次数；
A21: V1.0.19 | B21: 45748 | C21: zhangyf03 | E21: Sheet "Message ID": 新增帧 RBMS_PoleTemp； Sheet "Comm Matrix"：新增帧 RBMS_PoleTemp（从帧 RBMS_CellTemp 中将极柱温度单独拆分成一帧 ）；
A22: V1.0.20 | B22: 45754 | C22: zhangyf03 | E22: Sheet "Comm Matrix"：帧 RBMS_PCBBdTemp：修改有效性信号Byte数、温度信号offset为-40；
A23: V1.0.21 | B23: 45763 | C23: zhangyf03 | E23: Sheet "Comm Matrix"： 1. 帧 RBMS_SumInfo：添加Reserved信号避免解析错位；删除RBMS_CellVIdxMdulNbr、RBMS_TMdulIdxNbr；增加Rack最大、最小电压/温度电芯所在模组以及模组内位置信号；RBMS_ConSt信号bit10改为急停状态； 2. 帧 BBMS_SumInfo：修改Bank最大、最小电压/温度电芯所在Rack、模组、模组内位置Tx mapping信号（将BKPC信号替换原EMCT信号）； 3. 帧 RBMS_AFEVolt：补充Tx mapping信号；
A24: V1.0.22 | B24: 45776 | C24: zhangyf03 | E24: Sheet "Comm Matrix"： 帧 ParaThr_AUX：CbSGPC_BalFordCmdFlg->CbCBCC_BalFordCmdFlg；
A25: V1.0.23 | B25: 45789 | C25: zhangyf03 | E25: Sheet "Message ID": 新增帧 RBMS_PackPosNegConnTemp，Pack正负极连接件温度及其有效性； Sheet "Comm Matrix"： 1. 新增帧 RBMS_PackPosNegConnTemp； 2. 帧 RBMS_SumInfo：新增AFE菊花链主、副链节点数信号 RBMS_DaisyChain1LastNode、RBMS_DaisyChain2LastNode，；
A26: V1.0.24 | B26: 45791 | C26: zhangyf03 | E26: Sheet "Message ID"：删除帧 HMI_BroadcastSig； Sheet "Comm Matrix"： 1. 删除帧 HMI_BroadcastSig； 2. 帧 ParaThr_AUX：删除4个信号CcCSPC_FullDischSumV、FULL_DISCHARGE_CELLV、CcCSPC_FullChSumV、FULL_CHARGE_CELLV； 3. 帧 ParaThr_CellV：信号CcCLVH_MaxCellVOvLvl2FltVmV->FULL_CHARGE_CELLV、CcCLVH_MinCellVUvLvl2FltVmV->FULL_DISCHARGE_CELLV； 4. 修改信号描述：帧 BBMS_SumInfo/信号BBMS_ConFail、帧 ParaThr_CellV、帧 ParaThr_RackV；
A27: V1.0.25 | B27: 45798 | C27: zhangyf03 | E27: Sheet "Comm Matrix"：帧 RBMS_SumInfo：修改高压盒温度相关信号名称、描述、Mapping信号；
A28: V1.0.26 | B28: 45807 | C28: zhangyf03 | E28: Sheet "Message ID"： 1. 增加帧 HMI_FltOvTiNbr，用于标定RBMS/BBMS_M故障越限次数； 2. 增加列 Rx_cmdType，以区分接收命令类型； 3. 增加列 BBMS_A Store，以识别A核需要保存的数据； 4. 合并电压、温度数据帧： a. 帧 RBMS_CellV、RBMS_AFEVolt 合并至同一帧 RBMS_Volt； b. 帧 RBMS_CellTemp、RBMS_PoleTemp、RBMS_PackPosNegConnTemp、RBMS_PCBBdTemp 合并至同一帧 RBMS_Temp； Sheet "Comm Matrix"： 1. 帧 RBMS_SumInfo/RBMS_FltOvTiNbr[200] 与 帧BBMS_SumInfo/BBMS_FltOvTiNbr[200] 移至帧 HMI_FltOvTiNbr； 2. 将5s/10s/30s发送的EMCT模型输出更新为前置模块的输出变量； 3. 帧 RBMS_SumInfo 中删除部分无逻辑信号，与CAN保持一致； 4. 涉及维度信号优化： a. 删除有效性信号 RBMS_ModTmpVldFlg、RBMS_PoleTVldFlg、RBMS_PackPosNegConnTVldFlg（温度为-40时即为无效）； b. 电压、温度合并后数据帧 RBMS_Volt、RBMS_Temp：固定结构体维度，可变维度定义在Map信号中； 新增 Sheet "Device ID"：记录设备类型以及节点号；
... A59: V1.0.57 | B59: 46267 | C59: zhangyf03 | E59: Sheet "Comm Matrix"： 1、RBMS_SumInfo 帧：修改 RBMS_St 信号值描述；新增当日累积充放电容量、能量（Byte 59-74） 2、BBMS_SumInfo 帧：新增当日累积充放电容量、能量（Byte 131-146）

Sheet Legend
A1: Legend 矩阵说明 | D1: Requset 通信要求
A2: Property 属性 | B2: Description 描述 | D2: Property 属性 | E2: Description 描述
A3: Message Name 报文名称 | B3: 例：RBMS_CellV表示RBMS发送的CellV报文 | D3: Byte/Bit Order 排列格式 | E3: Intel Little Endian/LSB
A4: Message Send Type 报文发送类型 | B4: Periodic:固定周期发送; Event:事件未触发时不发送，事件触发时按快速周期发送N次，快速发送周期默认50ms，发送次数默认3次; IfActive:1.未触发时固定周期发送，触发后以较快周期发送；2.未触发时不发送，触发后以固定周期发送; PE:事件未触发时按固定周期发送，事件触发时按快速周期发送N次，快速发送周期默认50ms，发送次数默认3次; On Request:接收到请求后触发; | D4: Data Type 数据类型 | E4: Unsigned integer
A5: Message Periodic Time (ms) 报文周期时间 | B5: 单位：毫秒（ms） | D5: 说明： Big Endian 大端：一个数值的最高有效字节存放在最低的内存地址上 LSB (Least Significant Bit): 最低有效位, 最右边的一位, 从右到左发送
A6: Signal Name 信号名称 | B6: 例：RBMS_Life表示RACK BMS发送的生命值信号
A7: Signal Description 信号描述
A8: Byte 字节 | B8: 1-1500Byte
A9: Bit 位 | B9: 8-1Bit
A10: Signal Send Type 信号发送类型 | B10: Periodic OnChange OnChangeWithRepetition IfActive
A11: Bit Length (Bit) 信号长度
A12: Resolution 精度 | B12: Used to Transform the Hex Value to Physical Value or in Reverse Direction. [Physical Value] = ( [Hex Value] * [Resolution] ) + [Offset] 用于十六进制和物理值间的相互转换。 [物理值] = ( [十六进制值] * [精度] ) + [偏移量]
A13: Offset 偏移量 | B13: Offset Value of the Signal. 信号的偏移量。
A14: Signal Min. Value (phys) 物理最小值 | B14: Physical Minimum Value of the Signal in Physical Value 信号的物理最小值
A15: Signal Max. Value(phys) 物理最大值 | B15: Physical maximum Value of the signal in physical Value 信号的物理最大值
A16: Signal Max. Value(Raw) 原始最大值 | B16: Raw maximum Value of the signal in physical Value 信号的原始最大值
A17: Initial Value(Hex) 初始值 | B17: Predefined Value If no valid signal is Available after Network Startup. 网络启动后没有可用的有效值而预定义的值
A18: Unit 单位 | B18: Unit of the signal physical Value 信号物理值的单位
A19: Signal Value Description 信号值描述 | B19: Hex-Physics Representation of the Signal Value 信号十六进制值所代表的物理值
A20: Message Periodic Time Fast(ms) 报文的快速发送周期(ms) | B20: The Fast Periodic Time of Message if the Send Type is not Periodic. 若报文非周期发送而定义的快速发送周期。
A21: Message Nr. Of Reption 报文的快速发送次数 | B21: The Repetition Number of Message if the Send Type is not Periodic 若报文非周期发送而定义的快速发送次数。
A22: Message Delay Time(ms) 报文延时时间(ms) | B22: The Min Time between the Same Message if the Send Type is not Periodic 若报文非周期发送，相同报文间的最小时间间隔。

Sheet Station ID
B2: BMS No. | C2: IP Address
B3: Bank BMS | C3: 192.168.1.136
B4: Rack BMS #1 | C4: 192.168.1.137
B5: Rack BMS #2 | C5: 192.168.1.138
B6: Rack BMS #3 | C6: 192.168.1.139
B7: Rack BMS #4 | C7: 192.168.1.140
B8: Rack BMS #5 | C8: 192.168.1.141
B9: Rack BMS #6 | C9: 192.168.1.142
B10: Rack BMS #7 | C10: 192.168.1.143
B11: Rack BMS #8 | C11: 192.168.1.144
B12: Rack BMS #9 | C12: 192.168.1.145
B13: Rack BMS #10 | C13: 192.168.1.146
... B16: HMI | C16: 192.168.1.149

Sheet Message ID
A1: Message Name | B1: Description | C1: Send Type | D1: Periodic Time (ms) | E1: cmdGroup | F1: cmdid | G1: 命令类型 0x01:不需要回应的报文； 0x02:需要回应的报文； 0x03:回应的报文 | H1: transportType | I1: 请求payload | J1: 响应payload | K1: struct Name | L1: HMI | M1: BBMS_A | N1: BBMS_M | O1: RBMS | P1: Rx_cmdType (RBMS/BBMS_M/BBMS_A) | Q1: BBMS_A Store | R1: HMI Store | S1: SSD File Type | T1: cmdNUm | U1: N2M Modify | V1: Platform | W1: Special Dim | X1: Disp Jason
A2: RBMS_SumInfo | B2: Rack 概要数据(系统状态、高压状态、接插件温度、消防干接点、TMS、FCU、温湿度、水浸传感器；SOX、持续和瞬时功率、电压温度概要、故障和心跳信号；可充/放容量电量) | C2: Periodic | D2: 1000 | E2: 0x03 | F2: 1 | G2: 0x01 | H2: {=_xlfn.SWITCH(G2,"0x01","YCP_TRANSPORT_UNNEED_ACK","0x02","YCP_TRANSPORT_NEED_ACK","")} -> YCP_TRANSPORT_UNNEED_ACK | I2: struct RBMS_SumInfo | J2: / | K2: =IFERROR(MID(I2, FIND("struct ",I2)+7, LEN(I2)),IFERROR(MID(J2, FIND("struct ",J2)+7, LEN(J2)), "")) -> RBMS_SumInfo | L2: Rx | M2: Rx | N2: Rx | O2: Tx | P2: Set | Q2: 1 | R2: 1 | S2: TYPE_SUMINFO | T2: =COUNTIF(A:A, A2) -> 2 | U2: 1 | V2: BMS20/BMS21/BMS23 | W2: RACK_NUMBER_FOR_EVERY_BANK | X2: 1
A3: RBMS_SumInfo | B3: 写入-N拖M架构A核将获取到的主从机间通信簇数据转发给M核 | C3: OnChange | D3: / | E3: 0x01 | F3: 36 | G3: 0x01 | H3: YCP_TRANSPORT_UNNEED_ACK | I3: struct RBMS_SumInfo_OtherBank | J3: / | K3: =IFERROR(MID(I3, FIND("struct ",I3)+7, LEN(I3)),IFERROR(MID(J3, FIND("struct ",J3)+7, LEN(J3)), "")) -> RBMS_SumInfo_OtherBank | L3: / | M3: / | N3: Rx | O3: / | P3: Set | Q3: 0 | R3: 0 | S3: / | T3: =COUNTIF(A:A, A3) -> 2 | U3: 0 | V3: BMS20/BMS21/BMS23 | W3: / | X3: 0
A4: RBMS_Volt | B4: 电芯电压及其有效性、各AFE总压 | C4: Periodic | D4: 1000 | E4: 0x03 | F4: 2 | G4: 0x01 | H4: {=_xlfn.SWITCH(G4,"0x01","YCP_TRANSPORT_UNNEED_ACK","0x02","YCP_TRANSPORT_NEED_ACK","")} -> YCP_TRANSPORT_UNNEED_ACK | I4: struct RBMS_Volt | J4: / | K4: =IFERROR(MID(I4, FIND("struct ",I4)+7, LEN(I4)),IFERROR(MID(J4, FIND("struct ",J4)+7, LEN(J4)), "")) -> RBMS_Volt | L4: Rx | M4: Rx | N4: / | O4: Tx | P4: Set | Q4: 1 | R4: 1 | S4: TYPE_DETAIL | T4: =COUNTIF(A:A, A4) -> 1 | U4: 0 | V4: BMS20/BMS21/BMS23 | W4: RACK_NUMBER_FOR_EVERY_BANK | X4: 0
A5: RBMS_Temp | B5: 电芯温度、极柱温度、Pack正负极连接件温度、PCB板温及其有效性 | C5: Periodic | D5: 1000 | E5: 0x03 | F5: 3 | G5: 0x01 | H5: {=_xlfn.SWITCH(G5,"0x01","YCP_TRANSPORT_UNNEED_ACK","0x02","YCP_TRANSPORT_NEED_ACK","")} -> YCP_TRANSPORT_UNNEED_ACK | I5: struct RBMS_Temp | J5: / | K5: =IFERROR(MID(I5, FIND("struct ",I5)+7, LEN(I5)),IFERROR(MID(J5, FIND("struct ",J5)+7, LEN(J5)), "")) -> RBMS_Temp | L5: Rx | M5: Rx | N5: / | O5: Tx | P5: Set | Q5: 1 | R5: 1 | S5: TYPE_DETAIL | T5: =COUNTIF(A:A, A5) -> 1 | U5: 0 | V5: BMS20/BMS21/BMS23 | W5: RACK_NUMBER_FOR_EVERY_BANK | X5: 0
A6: RBMS_CellBalSt | B6: Cell Balancing State 电芯均衡状态 | C6: Periodic | D6: 10000 | E6: 0x03 | F6: 4 | G6: 0x01 | H6: {=_xlfn.SWITCH(G6,"0x01","YCP_TRANSPORT_UNNEED_ACK","0x02","YCP_TRANSPORT_NEED_ACK","")} -> YCP_TRANSPORT_UNNEED_ACK | I6: struct RBMS_CellBalSt | J6: / | K6: =IFERROR(MID(I6, FIND("struct ",I6)+7, LEN(I6)),IFERROR(MID(J6, FIND("struct ",J6)+7, LEN(J6)), "")) -> RBMS_CellBalSt | L6: Rx | M6: Rx | N6: / | O6: Tx | P6: Set | Q6: 1 | R6: 1 | S6: TYPE_DETAIL | T6: =COUNTIF(A:A, A6) -> 1 | U6: 0 | V6: BMS20/BMS21/BMS23 | W6: RACK_NUMBER_FOR_EVERY_BANK | X6: 0
A7: RBMS_CellSdr | B7: 单体电芯自放电率 | C7: Periodic | D7: 30000 | E7: 0x03 | F7: 5 | G7: 0x01 | H7: {=_xlfn.SWITCH(G7,"0x01","YCP_TRANSPORT_UNNEED_ACK","0x02","YCP_TRANSPORT_NEED_ACK","")} -> YCP_TRANSPORT_UNNEED_ACK | I7: struct RBMS_CellSdr | J7: / | K7: =IFERROR(MID(I7, FIND("struct ",I7)+7, LEN(I7)),IFERROR(MID(J7, FIND("struct ",J7)+7, LEN(J7)), "")) -> RBMS_CellSdr | L7: Rx | M7: Rx | N7: / | O7: Tx | P7: Set | Q7: 0 | R7: 0 | S7: / | T7: =COUNTIF(A:A, A7) -> 1 | U7: 0 | V7: BMS20/BMS21/BMS23 | W7: RACK_NUMBER_FOR_EVERY_BANK | X7: 0
A8: RBMS_Fault | B8: RBMS故障列表 | C8: Periodic | D8: 1000 | E8: 0x03 | F8: 41 | G8: 0x01 | H8: {=_xlfn.SWITCH(G8,"0x01","YCP_TRANSPORT_UNNEED_ACK","0x02","YCP_TRANSPORT_NEED_ACK","")} -> YCP_TRANSPORT_UNNEED_ACK | I8: struct RBMS_Fault | J8: / | K8: =IFERROR(MID(I8, FIND("struct ",I8)+7, LEN(I8)),IFERROR(MID(J8, FIND("struct ",J8)+7, LEN(J8)), "")) -> RBMS_Fault | L8: Rx | M8: Rx | N8: / | O8: Tx | P8: Set | Q8: 1 | R8: 1 | S8: TYPE_FAULT | T8: =COUNTIF(A:A, A8) -> 1 | U8: 0 | V8: BMS20/BMS21/BMS23 | W8: RACK_NUMBER_FOR_EVERY_BANK | X8: 0
A9: BBMS_SumInfo | B9: Bank 概要数据 | C9: Periodic | D9: 1000 | E9: 0x02 | F9: 1 | G9: 0x01 | H9: {=_xlfn.SWITCH(G9,"0x01","YCP_TRANSPORT_UNNEED_ACK","0x02","YCP_TRANSPORT_NEED_ACK","")} -> YCP_TRANSPORT_UNNEED_ACK | I9: struct BBMS_SumInfo | J9: / | K9: =IFERROR(MID(I9, FIND("struct ",I9)+7, LEN(I9)),IFERROR(MID(J9, FIND("struct ",J9)+7, LEN(J9)), "")) -> BBMS_SumInfo | L9: Rx | M9: Rx | N9: Tx | O9: / | P9: Set | Q9: 1 | R9: 1 | S9: TYPE_SUMINFO | T9: =COUNTIF(A:A, A9) -> 2 | U9: 1 | V9: BMS20/BMS21/BMS23 | W9: / | X9: 1
A10: BBMS_SumInfo | B10: 写入-N拖M架构A核将获取到的主从机间通信堆数据转发给M核 | C10: OnChange | D10: / | E10: 0x01 | F10: 37 | G10: 0x01 | H10: {=_xlfn.SWITCH(G10,"0x01","YCP_TRANSPORT_UNNEED_ACK","0x02","YCP_TRANSPORT_NEED_ACK","")} -> YCP_TRANSPORT_UNNEED_ACK | I10: struct BBMS_SumInfo_OtherBank | J10: / | K10: =IFERROR(MID(I10, FIND("struct ",I10)+7, LEN(I10)),IFERROR(MID(J10, FIND("struct ",J10)+7, LEN(J10)), "")) -> BBMS_SumInfo_OtherBank | L10: / | M10: / | N10: Rx | O10: / | P10: Set | Q10: 0 | R10: 0 | S10: / | T10: =COUNTIF(A:A, A10) -> 2 | U10: 0 | V10: BMS20/BMS21/BMS23 | W10: / | X10: 0
A11: BBMS_Fault | B11: BMS故障列表 | C11: Periodic | D11: 1000 | E11: 0x02 | F11: 19 | G11: 0x01 | H11: {=_xlfn.SWITCH(G11,"0x01","YCP_TRANSPORT_UNNEED_ACK","0x02","YCP_TRANSPORT_NEED_ACK","")} -> YCP_TRANSPORT_UNNEED_ACK | I11: struct BBMS_Fault | J11: / | K11: =IFERROR(MID(I11, FIND("struct ",I11)+7, LEN(I11)),IFERROR(MID(J11, FIND("struct ",J11)+7, LEN(J11)), "")) -> BBMS_Fault | L11: Rx | M11: Rx | N11: Tx | O11: / | P11: Set | Q11: 1 | R11: 1 | S11: TYPE_FAULT | T11: =COUNTIF(A:A, A11) -> 1 | U11: 1 | V11: BMS20/BMS21/BMS23 | W11: / | X11: 0
A12: BBMS_CtlWord | B12: BBMS Control BBMS控制指令 | C12: Periodic | D12: 1000 | E12: 0x03 | F12: 7 | G12: 0x02 | H12: {=_xlfn.SWITCH(G12,"0x01","YCP_TRANSPORT_UNNEED_ACK","0x02","YCP_TRANSPORT_NEED_ACK","")} -> YCP_TRANSPORT_NEED_ACK | I12: struct BBMS_CtlWord | J12: struct state{ uint8_t state; //00：写入成功，01：写入失败 } | K12: =IFERROR(MID(I12, FIND("struct ",I12)+7, LEN(I12)),IFERROR(MID(J12, FIND("struct ",J12)+7, LEN(J12)), "")) -> BBMS_CtlWord | L12: / | M12: / | N12: Tx | O12: Rx | P12: Set | Q12: 0 | R12: 0 | S12: / | T12: =COUNTIF(A:A, A12) -> 2 | U12: 1 | V12: BMS20/BMS21/BMS23 | W12: RACK_NUMBER_FOR_EVERY_BANK | X12: 0
A13: BBMS_CtlWord | B13: 存储所有Rack的BBMS控制命令 | C13: Periodic | D13: 1000 | E13: 0x02 | F13: 12 | G13: 0x01 | H13: {=_xlfn.SWITCH(G13,"0x01","YCP_TRANSPORT_UNNEED_ACK","0x02","YCP_TRANSPORT_NEED_ACK","")} -> YCP_TRANSPORT_UNNEED_ACK | I13: struct BBMS_CtlWordAllRack | J13: / | K13: =IFERROR(MID(I13, FIND("struct ",I13)+7, LEN(I13)),IFERROR(MID(J13, FIND("struct ",J13)+7, LEN(J13)), "")) -> BBMS_CtlWordAllRack | L13: Rx | M13: Rx | N13: Tx | O13: / | P13: Set | Q13: 1 | R13: 1 | S13: TYPE_SUMINFO | T13: =COUNTIF(A:A, A13) -> 2 | U13: 1 | V13: BMS20/BMS21/BMS23 | W13: RACK_NUMBER_FOR_EVERY_BANK | X13: 0
A14: HMI_CtlWord | B14: HMI Control HMI 控制指令 | C14: OnChange | D14: / | E14: 0x04 | F14: 4 | G14: 0x02 | H14: {=_xlfn.SWITCH(G14,"0x01","YCP_TRANSPORT_UNNEED_ACK","0x02","YCP_TRANSPORT_NEED_ACK","")} -> YCP_TRANSPORT_NEED_ACK | I14: struct HMI_CtlWord | J14: struct state{ uint8_t state; //00：写入成功，01：写入失败 } | K14: =IFERROR(MID(I14, FIND("struct ",I14)+7, LEN(I14)),IFERROR(MID(J14, FIND("struct ",J14)+7, LEN(J14)), "")) -> HMI_CtlWord | L14: Tx | M14: Rx | N14: Rx | O14: Rx | P14: Set | Q14: 0 | R14: 0 | S14: / | T14: =COUNTIF(A:A, A14) -> 1 | U14: 1 | V14: BMS20/BMS21/BMS23 | W14: / | X14: 0
A15: HMI_TMSCtrlWord | B15: HMI TMS控制指令(BBMS) | C15: OnChange | D15: / | E15: 0x02 | F15: 3 | G15: 0x02 | H15: {=_xlfn.SWITCH(G15,"0x01","YCP_TRANSPORT_UNNEED_ACK","0x02","YCP_TRANSPORT_NEED_ACK","")} -> YCP_TRANSPORT_NEED_ACK | I15: struct HMI_TMSCtrlWord | J15: struct state{ uint8_t state; //00：写入成功，01：写入失败 } | K15: =IFERROR(MID(I15, FIND("struct ",I15)+7, LEN(I15)),IFERROR(MID(J15, FIND("struct ",J15)+7, LEN(J15)), "")) -> HMI_TMSCtrlWord | L15: Tx | M15: / | N15: Rx | O15: / | P15: Set | Q15: 0 | R15: 0 | S15: / | T15: =COUNTIF(A:A, A15) -> 2 | U15: 0 | V15: BMS20/BMS21 | W15: TMS_NUM | X15: 0
A16: HMI_TMSCtrlWord | B16: HMI TMS控制指令(RBMS) | C16: OnChange | D16: / | E16: 0x03 | F16: 37 | G16: 0x02 | H16: {=_xlfn.SWITCH(G16,"0x01","YCP_TRANSPORT_UNNEED_ACK","0x02","YCP_TRANSPORT_NEED_ACK","")} -> YCP_TRANSPORT_NEED_ACK | I16: struct HMI_TMSCtrlWord | J16: struct state{ uint8_t state; //00：写入成功，01：写入失败 } | K16: =IFERROR(MID(I16, FIND("struct ",I16)+7, LEN(I16)),IFERROR(MID(J16, FIND("struct ",J16)+7, LEN(J16)), "")) -> HMI_TMSCtrlWord | L16: Tx | M16: / | N16: / | O16: Rx | P16: Set | Q16: 0 | R16: 0 | S16: / | T16: =COUNTIF(A:A, A16) -> 2 | U16: 0 | V16: BMS23 | W16: / | X16: 0
A17: HMI_BankDOCtrl | B17: HMI三级板DO控制指令（灯） | C17: OnChange | D17: / | E17: 0x02 | F17: 4 | G17: 0x02 | H17: {=_xlfn.SWITCH(G17,"0x01","YCP_TRANSPORT_UNNEED_ACK","0x02","YCP_TRANSPORT_NEED_ACK","")} -> YCP_TRANSPORT_NEED_ACK | I17: struct HMI_BankDOCtrl | J17: struct state{ uint8_t state; //00：写入成功，01：写入失败 } | K17: =IFERROR(MID(I17, FIND("struct ",I17)+7, LEN(I17)),IFERROR(MID(J17, FIND("struct ",J17)+7, LEN(J17)), "")) -> HMI_BankDOCtrl | L17: Tx | M17: / | N17: Rx | O17: / | P17: Set | Q17: 0 | R17: 0 | S17: / | T17: =COUNTIF(A:A, A17) -> 1 | U17: 0 | V17: BMS20/BMS21/BMS23 | W17: / | X17: 0
A18: HMI_RackCaliCtrl | B18: Rack标定与控制 | C18: OnChange | D18: / | E18: 0x03 | F18: 8 | G18: 0x02 | H18: {=_xlfn.SWITCH(G18,"0x01","YCP_TRANSPORT_UNNEED_ACK","0x02","YCP_TRANSPORT_NEED_ACK","")} -> YCP_TRANSPORT_NEED_ACK | I18: struct HMI_RackCaliCtrl | J18: struct state{ uint8_t state; //00：写入成功，01：写入失败 } | K18: =IFERROR(MID(I18, FIND("struct ",I18)+7, LEN(I18)),IFERROR(MID(J18, FIND("struct ",J18)+7, LEN(J18)), "")) -> HMI_RackCaliCtrl | L18: Tx | M18: / | N18: / | O18: Rx | P18: Set | Q18: 0 | R18: 0 | S18: / | T18: =COUNTIF(A:A, A18) -> 1 | U18: 0 | V18: BMS20/BMS21/BMS23 | W18: / | X18: 0
A19: HMI_RBMSRlyCtrl | B19: HMI二级板继电器强控指令 | C19: OnChange | D19: / | E19: 0x03 | F19: 9 | G19: 0x02 | H19: {=_xlfn.SWITCH(G19,"0x01","YCP_TRANSPORT_UNNEED_ACK","0x02","YCP_TRANSPORT_NEED_ACK","")} -> YCP_TRANSPORT_NEED_ACK | I19: struct HMI_RBMSRlyCtrl | J19: struct state{ uint8_t state; //00：写入成功，01：写入失败 } | K19: =IFERROR(MID(I19, FIND("struct ",I19)+7, LEN(I19)),IFERROR(MID(J19, FIND("struct ",J19)+7, LEN(J19)), "")) -> HMI_RBMSRlyCtrl | L19: Tx | M19: / | N19: / | O19: Rx | P19: Set | Q19: 0 | R19: 0 | S19: / | T19: =COUNTIF(A:A, A19) -> 1 | U19: 0 | V19: BMS20/BMS21/BMS23 | W19: / | X19: 0
A20: TMS_SumInfo | B20: 热管理信息(BBMS) | C20: Periodic | D20: 1000 | E20: 0x02 | F20: 2 | G20: 0x01 | H20: {=_xlfn.SWITCH(G20,"0x01","YCP_TRANSPORT_UNNEED_ACK","0x02","YCP_TRANSPORT_NEED_ACK","")} -> YCP_TRANSPORT_UNNEED_ACK | I20: struct TMS_SumInfo | J20: / | K20: =IFERROR(MID(I20, FIND("struct ",I20)+7, LEN(I20)),IFERROR(MID(J20, FIND("struct ",J20)+7, LEN(J20)), "")) -> TMS_SumInfo | L20: Rx | M20: Rx | N20: Tx | O20: / | P20: Set | Q20: 1 | R20: 1 | S20: TYPE_SUMINFO | T20: =COUNTIF(A:A, A20) -> 2 | U20: 0 | V20: BMS20/BMS21 | W20: TMS_NUM | X20: 1
A21: TMS_SumInfo | B21: 热管理信息(RBMS) | C21: Periodic | D21: 1000 | E21: 0x03 | F21: 38 | G21: 0x01 | H21: {=_xlfn.SWITCH(G21,"0x01","YCP_TRANSPORT_UNNEED_ACK","0x02","YCP_TRANSPORT_NEED_ACK","")} -> YCP_TRANSPORT_UNNEED_ACK | I21: struct TMS_SumInfo | J21: / | K21: =IFERROR(MID(I21, FIND("struct ",I21)+7, LEN(I21)),IFERROR(MID(J21, FIND("struct ",J21)+7, LEN(J21)), "")) -> TMS_SumInfo | L21: Rx | M21: Rx | N21: / | O21: Tx | P21: Set | Q21: 1 | R21: 1 | S21: TYPE_SUMINFO | T21: =COUNTIF(A:A, A21) -> 2 | U21: 0 | V21: BMS23 | W21: RACK_NUMBER_FOR_EVERY_BANK | X21: 1
A22: ParaThr_CellV | B22: 读取-电压阈值参数 | C22: OnChange | D22: / | E22: 0x03 | F22: 10 | G22: 0x02 | H22: {=_xlfn.SWITCH(G22,"0x01","YCP_TRANSPORT_UNNEED_ACK","0x02","YCP_TRANSPORT_NEED_ACK","")} -> YCP_TRANSPORT_NEED_ACK | I22: / | J22: struct ParaThr_CellV | K22: =IFERROR(MID(I22, FIND("struct ",I22)+7, LEN(I22)),IFERROR(MID(J22, FIND("struct ",J22)+7, LEN(J22)), "")) -> ParaThr_CellV | L22: Tx | M22: / | N22: / | O22: Rx | P22: Get | Q22: 0 | R22: 0 | S22: / | T22: =COUNTIF(A:A, A22) -> 2 | U22: 0 | V22: BMS20/BMS21/BMS23 | W22: / | X22: 0
A23: ParaThr_CellV | B23: 写入-电压阈值参数 | C23: OnChange | D23: / | E23: 0x03 | F23: 11 | G23: 0x02 | H23: {=_xlfn.SWITCH(G23,"0x01","YCP_TRANSPORT_UNNEED_ACK","0x02","YCP_TRANSPORT_NEED_ACK","")} -> YCP_TRANSPORT_NEED_ACK | I23: struct ParaThr_CellV | J23: struct state{ uint8_t state; //00：写入成功，01：写入失败 } | K23: =IFERROR(MID(I23, FIND("struct ",I23)+7, LEN(I23)),IFERROR(MID(J23, FIND("struct ",J23)+7, LEN(J23)), "")) -> ParaThr_CellV | L23: Tx | M23: / | N23: / | O23: Rx | P23: Set | Q23: 0 | R23: 0 | S23: / | T23: =COUNTIF(A:A, A23) -> 2 | U23: 0 | V23: BMS20/BMS21/BMS23 | W23: / | X23: 0
A24: ParaThr_RackV | B24: 读取-簇电压阈值参数 | C24: OnChange | D24: / | E24: 0x03 | F24: 12 | G24: 0x02 | H24: {=_xlfn.SWITCH(G24,"0x01","YCP_TRANSPORT_UNNEED_ACK","0x02","YCP_TRANSPORT_NEED_ACK","")} -> YCP_TRANSPORT_NEED_ACK | I24: / | J24: struct ParaThr_RackV | K24: =IFERROR(MID(I24, FIND("struct ",I24)+7, LEN(I24)),IFERROR(MID(J24, FIND("struct ",J24)+7, LEN(J24)), "")) -> ParaThr_RackV | L24: Tx | M24: / | N24: / | O24: Rx | P24: Get | Q24: 0 | R24: 0 | S24: / | T24: =COUNTIF(A:A, A24) -> 2 | U24: 0 | V24: BMS20/BMS21/BMS23 | W24: / | X24: 0
A25: ParaThr_RackV | B25: 写入-簇电压阈值参数 | C25: OnChange | D25: / | E25: 0x03 | F25: 13 | G25: 0x02 | H25: {=_xlfn.SWITCH(G25,"0x01","YCP_TRANSPORT_UNNEED_ACK","0x02","YCP_TRANSPORT_NEED_ACK","")} -> YCP_TRANSPORT_NEED_ACK | I25: struct ParaThr_RackV | J25: struct state{ uint8_t state; //00：写入成功，01：写入失败 } | K25: =IFERROR(MID(I25, FIND("struct ",I25)+7, LEN(I25)),IFERROR(MID(J25, FIND("struct ",J25)+7, LEN(J25)), "")) -> ParaThr_RackV | L25: Tx | M25: / | N25: / | O25: Rx | P25: Set | Q25: 0 | R25: 0 | S25: / | T25: =COUNTIF(A:A, A25) -> 2 | U25: 0 | V25: BMS20/BMS21/BMS23 | W25: / | X25: 0
A26: ParaThr_RackI | B26: 读取-簇电流阈值参数 | C26: OnChange | D26: / | E26: 0x03 | F26: 14 | G26: 0x02 | H26: {=_xlfn.SWITCH(G26,"0x01","YCP_TRANSPORT_UNNEED_ACK","0x02","YCP_TRANSPORT_NEED_ACK","")} -> YCP_TRANSPORT_NEED_ACK | I26: / | J26: struct ParaThr_RackI | K26: =IFERROR(MID(I26, FIND("struct ",I26)+7, LEN(I26)),IFERROR(MID(J26, FIND("struct ",J26)+7, LEN(J26)), "")) -> ParaThr_RackI | L26: Tx | M26: / | N26: / | O26: Rx | P26: Get | Q26: 0 | R26: 0 | S26: / | T26: =COUNTIF(A:A, A26) -> 2 | U26: 0 | V26: BMS20/BMS21/BMS23 | W26: / | X26: 0
A27: ParaThr_RackI | B27: 写入-簇电流阈值参数 | C27: OnChange | D27: / | E27: 0x03 | F27: 15 | G27: 0x02 | H27: {=_xlfn.SWITCH(G27,"0x01","YCP_TRANSPORT_UNNEED_ACK","0x02","YCP_TRANSPORT_NEED_ACK","")} -> YCP_TRANSPORT_NEED_ACK | I27: struct ParaThr_RackI | J27: struct state{ uint8_t state; //00：写入成功，01：写入失败 } | K27: =IFERROR(MID(I27, FIND("struct ",I27)+7, LEN(I27)),IFERROR(MID(J27, FIND("struct ",J27)+7, LEN(J27)), "")) -> ParaThr_RackI | L27: Tx | M27: / | N27: / | O27: Rx | P27: Set | Q27: 0 | R27: 0 | S27: / | T27: =COUNTIF(A:A, A27) -> 2 | U27: 0 | V27: BMS20/BMS21/BMS23 | W27: / | X27: 0
A28: ParaThr_ModuleT | B28: 读取-温度阈值参数 | C28: OnChange | D28: / | E28: 0x03 | F28: 16 | G28: 0x02 | H28: {=_xlfn.SWITCH(G28,"0x01","YCP_TRANSPORT_UNNEED_ACK","0x02","YCP_TRANSPORT_NEED_ACK","")} -> YCP_TRANSPORT_NEED_ACK | I28: / | J28: struct ParaThr_ModuleT | K28: =IFERROR(MID(I28, FIND("struct ",I28)+7, LEN(I28)),IFERROR(MID(J28, FIND("struct ",J28)+7, LEN(J28)), "")) -> ParaThr_ModuleT | L28: Tx | M28: / | N28: / | O28: Rx | P28: Get | Q28: 0 | R28: 0 | S28: / | T28: =COUNTIF(A:A, A28) -> 2 | U28: 0 | V28: BMS20/BMS21/BMS23 | W28: / | X28: 0
A29: ParaThr_ModuleT | B29: 写入-温度阈值参数 | C29: OnChange | D29: / | E29: 0x03 | F29: 17 | G29: 0x02 | H29: {=_xlfn.SWITCH(G29,"0x01","YCP_TRANSPORT_UNNEED_ACK","0x02","YCP_TRANSPORT_NEED_ACK","")} -> YCP_TRANSPORT_NEED_ACK | I29: struct ParaThr_ModuleT | J29: struct state{ uint8_t state; //00：写入成功，01：写入失败 } | K29: =IFERROR(MID(I29, FIND("struct ",I29)+7, LEN(I29)),IFERROR(MID(J29, FIND("struct ",J29)+7, LEN(J29)), "")) -> ParaThr_ModuleT | L29: Tx | M29: / | N29: / | O29: Rx | P29: Set | Q29: 0 | R29: 0 | S29: / | T29: =COUNTIF(A:A, A29) -> 2 | U29: 0 | V29: BMS20/BMS21/BMS23 | W29: / | X29: 0
A30: ParaThr_SOX | B30: 读取-SOX阈值参数 | C30: OnChange | D30: / | E30: 0x03 | F30: 18 | G30: 0x02 | H30: {=_xlfn.SWITCH(G30,"0x01","YCP_TRANSPORT_UNNEED_ACK","0x02","YCP_TRANSPORT_NEED_ACK","")} -> YCP_TRANSPORT_NEED_ACK | I30: / | J30: struct ParaThr_SOX | K30: =IFERROR(MID(I30, FIND("struct ",I30)+7, LEN(I30)),IFERROR(MID(J30, FIND("struct ",J30)+7, LEN(J30)), "")) -> ParaThr_SOX | L30: Tx | M30: / | N30: / | O30: Rx | P30: Get | Q30: 0 | R30: 0 | S30: / | T30: =COUNTIF(A:A, A30) -> 2 | U30: 0 | V30: BMS20/BMS21/BMS23 | W30: / | X30: 0
A31: ParaThr_SOX | B31: 写入-SOX阈值参数 | C31: OnChange | D31: / | E31: 0x03 | F31: 19 | G31: 0x02 | H31: {=_xlfn.SWITCH(G31,"0x01","YCP_TRANSPORT_UNNEED_ACK","0x02","YCP_TRANSPORT_NEED_ACK","")} -> YCP_TRANSPORT_NEED_ACK | I31: struct ParaThr_SOX | J31: struct state{ uint8_t state; //00：写入成功，01：写入失败 } | K31: =IFERROR(MID(I31, FIND("struct ",I31)+7, LEN(I31)),IFERROR(MID(J31, FIND("struct ",J31)+7, LEN(J31)), "")) -> ParaThr_SOX | L31: Tx | M31: / | N31: / | O31: Rx | P31: Set | Q31: 0 | R31: 0 | S31: / | T31: =COUNTIF(A:A, A31) -> 2 | U31: 0 | V31: BMS20/BMS21/BMS23 | W31: / | X31: 0
A32: ParaThr_AUX | B32: 读取-AUX阈值参数 | C32: OnChange | D32: / | E32: 0x03 | F32: 20 | G32: 0x02 | H32: {=_xlfn.SWITCH(G32,"0x01","YCP_TRANSPORT_UNNEED_ACK","0x02","YCP_TRANSPORT_NEED_ACK","")} -> YCP_TRANSPORT_NEED_ACK | I32: / | J32: struct ParaThr_AUX | K32: =IFERROR(MID(I32, FIND("struct ",I32)+7, LEN(I32)),IFERROR(MID(J32, FIND("struct ",J32)+7, LEN(J32)), "")) -> ParaThr_AUX | L32: Tx | M32: / | N32: / | O32: Rx | P32: Get | Q32: 0 | R32: 0 | S32: / | T32: =COUNTIF(A:A, A32) -> 2 | U32: 0 | V32: BMS20/BMS21/BMS23 | W32: / | X32: 0
A33: ParaThr_AUX | B33: 写入-AUX阈值参数 | C33: OnChange | D33: / | E33: 0x03 | F33: 21 | G33: 0x02 | H33: {=_xlfn.SWITCH(G33,"0x01","YCP_TRANSPORT_UNNEED_ACK","0x02","YCP_TRANSPORT_NEED_ACK","")} -> YCP_TRANSPORT_NEED_ACK | I33: struct ParaThr_AUX | J33: struct state{ uint8_t state; //00：写入成功，01：写入失败 } | K33: =IFERROR(MID(I33, FIND("struct ",I33)+7, LEN(I33)),IFERROR(MID(J33, FIND("struct ",J33)+7, LEN(J33)), "")) -> ParaThr_AUX | L33: Tx | M33: / | N33: / | O33: Rx | P33: Set | Q33: 0 | R33: 0 | S33: / | T33: =COUNTIF(A:A, A33) -> 2 | U33: 0 | V33: BMS20/BMS21/BMS23 | W33: / | X33: 0
... A39: HMI_BBMSDOCtrl | B39: HMI三级板DO控制命令 | C39: OnChange | D39: / | E39: 0x02 | F39: 10 | G39: 0x02 | H39: {=_xlfn.SWITCH(G39,"0x01","YCP_TRANSPORT_UNNEED_ACK","0x02","YCP_TRANSPORT_NEED_ACK","")} -> YCP_TRANSPORT_NEED_ACK | I39: struct HMI_BBMSDOCtrl | J39: struct state{ uint8_t state; //00：写入成功，01：写入失败 } | K39: =IFERROR(MID(I39, FIND("struct ",I39)+7, LEN(I39)),IFERROR(MID(J39, FIND("struct ",J39)+7, LEN(J39)), "")) -> HMI_BBMSDOCtrl | L39: Tx | M39: / | N39: Rx | O39: / | P39: Set | Q39: 0 | R39: 0 | S39: / | T39: =COUNTIF(A:A, A39) -> 1 | U39: 0 | V39: BMS20/BMS21/BMS23 | W39: / | X39: 0
A40: RBMS_SOXdebugData1 | B40: SOX算法调试的输入数据，包含电流、电压、温度等 | C40: Periodic | D40: 1000 | E40: 0x03 | F40: 25 | G40: 0x01 | H40: {=_xlfn.SWITCH(G40,"0x01","YCP_TRANSPORT_UNNEED_ACK","0x02","YCP_TRANSPORT_NEED_ACK","")} -> YCP_TRANSPORT_UNNEED_ACK | I40: struct RBMS_SOXdebugData1 | J40: / | K40: =IFERROR(MID(I40, FIND("struct ",I40)+7, LEN(I40)),IFERROR(MID(J40, FIND("struct ",J40)+7, LEN(J40)), "")) -> RBMS_SOXdebugData1 | L40: Rx | M40: Rx | N40: / | O40: Tx | P40: Set | Q40: 1 | R40: 1 | S40: TYPE_DEBUG | T40: =COUNTIF(A:A, A40) -> 1 | U40: 0 | V40: BMS20/BMS21/BMS23 | W40: RACK_NUMBER_FOR_EVERY_BANK | X40: 0
A41: RBMS_SOXdebugData2 | B41: SOX算法调试的输出数据，包含SOC、SOHC、容量等 | C41: Periodic | D41: 1000 | E41: 0x03 | F41: 26 | G41: 0x01 | H41: {=_xlfn.SWITCH(G41,"0x01","YCP_TRANSPORT_UNNEED_ACK","0x02","YCP_TRANSPORT_NEED_ACK","")} -> YCP_TRANSPORT_UNNEED_ACK | I41: struct RBMS_SOXdebugData2 | J41: / | K41: =IFERROR(MID(I41, FIND("struct ",I41)+7, LEN(I41)),IFERROR(MID(J41, FIND("struct ",J41)+7, LEN(J41)), "")) -> RBMS_SOXdebugData2 | L41: Rx | M41: Rx | N41: / | O41: Tx | P41: Set | Q41: 1 | R41: 1 | S41: TYPE_DEBUG | T41: =COUNTIF(A:A, A41) -> 1 | U41: 0 | V41: BMS20/BMS21/BMS23 | W41: RACK_NUMBER_FOR_EVERY_BANK | X41: 0
A42: HMI_RackFaultCali | B42: 写入-Rack故障累积次数标定 | C42: OnChange | D42: / | E42: 0x03 | F42: 28 | G42: 0x02 | H42: {=_xlfn.SWITCH(G42,"0x01","YCP_TRANSPORT_UNNEED_ACK","0x02","YCP_TRANSPORT_NEED_ACK","")} -> YCP_TRANSPORT_NEED_ACK | I42: struct HMI_RackFaultCali | J42: struct state{ uint8_t state; //00：写入成功，01：写入失败 } | K42: =IFERROR(MID(I42, FIND("struct ",I42)+7, LEN(I42)),IFERROR(MID(J42, FIND("struct ",J42)+7, LEN(J42)), "")) -> HMI_RackFaultCali | L42: Tx | M42: / | N42: / | O42: Rx | P42: Set | Q42: 0 | R42: 0 | S42: / | T42: =COUNTIF(A:A, A42) -> 1 | U42: 0 | V42: BMS20/BMS21/BMS23 | W42: / | X42: 0
A43: HMI_BankFaultCali | B43: 写入-Bank故障累积次数标定 | C43: OnChange | D43: / | E43: 0x02 | F43: 11 | G43: 0x02 | H43: {=_xlfn.SWITCH(G43,"0x01","YCP_TRANSPORT_UNNEED_ACK","0x02","YCP_TRANSPORT_NEED_ACK","")} -> YCP_TRANSPORT_NEED_ACK | I43: struct HMI_BankFaultCali | J43: struct state{ uint8_t state; //00：写入成功，01：写入失败 } | K43: =IFERROR(MID(I43, FIND("struct ",I43)+7, LEN(I43)),IFERROR(MID(J43, FIND("struct ",J43)+7, LEN(J43)), "")) -> HMI_BankFaultCali | L43: Tx | M43: / | N43: Rx | O43: / | P43: Set | Q43: 0 | R43: 0 | S43: / | T43: =COUNTIF(A:A, A43) -> 1 | U43: 1 | V43: BMS20/BMS21/BMS23 | W43: / | X43: 0
A44: HMI_FltOvTiNbr | B44: 读取-RBMS/BBMS故障越限次数 | C44: OnChange | D44: / | E44: 0x04 | F44: 5 | G44: 0x02 | H44: {=_xlfn.SWITCH(G44,"0x01","YCP_TRANSPORT_UNNEED_ACK","0x02","YCP_TRANSPORT_NEED_ACK","")} -> YCP_TRANSPORT_NEED_ACK | I44: / | J44: struct HMI_FltOvTiNbr | K44: =IFERROR(MID(I44, FIND("struct ",I44)+7, LEN(I44)),IFERROR(MID(J44, FIND("struct ",J44)+7, LEN(J44)), "")) -> HMI_FltOvTiNbr | L44: Tx | M44: / | N44: Rx | O44: Rx | P44: Get | Q44: 0 | R44: 0 | S44: / | T44: =COUNTIF(A:A, A44) -> 1 | U44: 1 | V44: BMS20/BMS21/BMS23 | W44: / | X44: 0
A45: RBMS_Debug | B45: 模型调试信息 | C45: Periodic | D45: 1000 | E45: 0x03 | F45: 23 | G45: 0x01 | H45: {=_xlfn.SWITCH(G45,"0x01","YCP_TRANSPORT_UNNEED_ACK","0x02","YCP_TRANSPORT_NEED_ACK","")} -> YCP_TRANSPORT_UNNEED_ACK | I45: struct RBMS_Debug | J45: / | K45: =IFERROR(MID(I45, FIND("struct ",I45)+7, LEN(I45)),IFERROR(MID(J45, FIND("struct ",J45)+7, LEN(J45)), "")) -> RBMS_Debug | L45: Rx | M45: Rx | N45: / | O45: Tx | P45: Set | Q45: 1 | R45: 1 | S45: TYPE_DEBUG | T45: =COUNTIF(A:A, A45) -> 1 | U45: 0 | V45: BMS20/BMS21/BMS23 | W45: RACK_NUMBER_FOR_EVERY_BANK | X45: 0
A46: BBMS_A_SOCInfo | B46: 单芯计算的SOC以及各簇SOC结果 | C46: Periodic | D46: 1000 | E46: 0x01 | F46: 7 | G46: 0x01 | H46: {=_xlfn.SWITCH(G46,"0x01","YCP_TRANSPORT_UNNEED_ACK","0x02","YCP_TRANSPORT_NEED_ACK","")} -> YCP_TRANSPORT_UNNEED_ACK | I46: struct BBMS_A_SOCInfo | J46: / | K46: =IFERROR(MID(I46, FIND("struct ",I46)+7, LEN(I46)),IFERROR(MID(J46, FIND("struct ",J46)+7, LEN(J46)), "")) -> BBMS_A_SOCInfo | L46: Rx | M46: Tx | N46: / | O46: / | P46: / | Q46: 1 | R46: 1 | S46: TYPE_DEBUG | T46: =COUNTIF(A:A, A46) -> 1 | U46: 0 | V46: BMS20/BMS21/BMS23 | W46: / | X46: 0
A47: BBMS_A_SOHInfo | B47: 单芯计算的SOH以及各簇SOH结果 | C47: Periodic | D47: 1000 | E47: 0x01 | F47: 8 | G47: 0x01 | H47: {=_xlfn.SWITCH(G47,"0x01","YCP_TRANSPORT_UNNEED_ACK","0x02","YCP_TRANSPORT_NEED_ACK","")} -> YCP_TRANSPORT_UNNEED_ACK | I47: struct BBMS_A_SOHInfo | J47: / | K47: =IFERROR(MID(I47, FIND("struct ",I47)+7, LEN(I47)),IFERROR(MID(J47, FIND("struct ",J47)+7, LEN(J47)), "")) -> BBMS_A_SOHInfo | L47: Rx | M47: Tx | N47: / | O47: / | P47: / | Q47: 1 | R47: 1 | S47: TYPE_DEBUG | T47: =COUNTIF(A:A, A47) -> 1 | U47: 0 | V47: BMS20/BMS21/BMS23 | W47: / | X47: 0
A48: BBMS_A_Fault | B48: BBMS_A核的故障列表 | C48: Periodic | D48: 1000 | E48: 0x01 | F48: 9 | G48: 0x01 | H48: {=_xlfn.SWITCH(G48,"0x01","YCP_TRANSPORT_UNNEED_ACK","0x02","YCP_TRANSPORT_NEED_ACK","")} -> YCP_TRANSPORT_UNNEED_ACK | I48: struct BBMS_A_Fault | J48: / | K48: =IFERROR(MID(I48, FIND("struct ",I48)+7, LEN(I48)),IFERROR(MID(J48, FIND("struct ",J48)+7, LEN(J48)), "")) -> BBMS_A_Fault | L48: Rx | M48: Tx | N48: / | O48: / | P48: / | Q48: 1 | R48: 1 | S48: TYPE_FAULT | T48: =COUNTIF(A:A, A48) -> 1 | U48: 0 | V48: BMS20/BMS21/BMS23 | W48: / | X48: 0
A49: HMI_FltEna | B49: 读取-故障使能数组 | C49: OnChange | D49: / | E49: 0x04 | F49: 8 | G49: 0x02 | H49: {=_xlfn.SWITCH(G49,"0x01","YCP_TRANSPORT_UNNEED_ACK","0x02","YCP_TRANSPORT_NEED_ACK","")} -> YCP_TRANSPORT_NEED_ACK | I49: / | J49: struct HMI_FltEna | K49: =IFERROR(MID(I49, FIND("struct ",I49)+7, LEN(I49)),IFERROR(MID(J49, FIND("struct ",J49)+7, LEN(J49)), "")) -> HMI_FltEna | L49: Tx | M49: Rx | N49: Rx | O49: Rx | P49: Get | Q49: 0 | R49: 0 | S49: / | T49: =COUNTIF(A:A, A49) -> 2 | U49: 0 | V49: BMS20/BMS21/BMS23 | W49: / | X49: 0
A50: HMI_FltEna | B50: 写入-故障使能数组 | C50: OnChange | D50: / | E50: 0x04 | F50: 9 | G50: 0x02 | H50: {=_xlfn.SWITCH(G50,"0x01","YCP_TRANSPORT_UNNEED_ACK","0x02","YCP_TRANSPORT_NEED_ACK","")} -> YCP_TRANSPORT_NEED_ACK | I50: struct HMI_FltEna | J50: struct state{ uint8_t state; //00：写入成功，01：写入失败 } | K50: =IFERROR(MID(I50, FIND("struct ",I50)+7, LEN(I50)),IFERROR(MID(J50, FIND("struct ",J50)+7, LEN(J50)), "")) -> HMI_FltEna | L50: Tx | M50: Rx | N50: Rx | O50: Rx | P50: Set | Q50: 0 | R50: 0 | S50: / | T50: =COUNTIF(A:A, A50) -> 2 | U50: 0 | V50: BMS20/BMS21/BMS23 | W50: / | X50: 0
A51: Selfdr_Info | B51: 读取-自放电率演变信息(BBMS) | C51: OnChange | D51: / | E51: 0x01 | F51: 10 | G51: 0x02 | H51: {=_xlfn.SWITCH(G51,"0x01","YCP_TRANSPORT_UNNEED_ACK","0x02","YCP_TRANSPORT_NEED_ACK","")} -> YCP_TRANSPORT_NEED_ACK | I51: / | J51: struct Selfdr_Info | K51: =IFERROR(MID(I51, FIND("struct ",I51)+7, LEN(I51)),IFERROR(MID(J51, FIND("struct ",J51)+7, LEN(J51)), "")) -> Selfdr_Info | L51: Tx | M51: Rx | N51: / | O51: / | P51: Get | Q51: 0 | R51: 0 | S51: / | T51: =COUNTIF(A:A, A51) -> 2 | U51: 0 | V51: BMS20/BMS21/BMS23 | W51: / | X51: 0
A52: Selfdr_Info | B52: 读取-自放电率演变信息(RBMS) | C52: OnChange | D52: / | E52: 0x03 | F52: 42 | G52: 0x02 | H52: {=_xlfn.SWITCH(G52,"0x01","YCP_TRANSPORT_UNNEED_ACK","0x02","YCP_TRANSPORT_NEED_ACK","")} -> YCP_TRANSPORT_NEED_ACK | I52: / | J52: struct Selfdr_Info | K52: =IFERROR(MID(I52, FIND("struct ",I52)+7, LEN(I52)),IFERROR(MID(J52, FIND("struct ",J52)+7, LEN(J52)), "")) -> Selfdr_Info | L52: Tx | M52: / | N52: / | O52: Rx | P52: Get | Q52: 0 | R52: 0 | S52: / | T52: =COUNTIF(A:A, A52) -> 2 | U52: 0 | V52: BMS20/BMS21/BMS23 | W52: / | X52: 0
A53: BBMS_SafetySignal | B53: 功能安全相关信号 | C53: Periodic | D53: 1000 | E53: 0x02 | F53: 14 | G53: 0x01 | H53: {=_xlfn.SWITCH(G53,"0x01","YCP_TRANSPORT_UNNEED_ACK","0x02","YCP_TRANSPORT_NEED_ACK","")} -> YCP_TRANSPORT_UNNEED_ACK | I53: struct BBMS_SafetySignal | J53: / | K53: =IFERROR(MID(I53, FIND("struct ",I53)+7, LEN(I53)),IFERROR(MID(J53, FIND("struct ",J53)+7, LEN(J53)), "")) -> BBMS_SafetySignal | L53: / | M53: / | N53: Tx | O53: Rx | P53: Set | Q53: 0 | R53: 0 | S53: / | T53: =COUNTIF(A:A, A53) -> 1 | U53: 1 | V53: BMS20/BMS21/BMS23 | W53: RACK_NUMBER_FOR_EVERY_BANK | X53: 0
A54: BBMS_A_CtlWord | B54: A核控制命令 | C54: Periodic | D54: 1000 | E54: 0x01 | F54: 16 | G54: 0x01 | H54: {=_xlfn.SWITCH(G54,"0x01","YCP_TRANSPORT_UNNEED_ACK","0x02","YCP_TRANSPORT_NEED_ACK","")} -> YCP_TRANSPORT_UNNEED_ACK | I54: struct BBMS_A_CtlWord | J54: / | K54: =IFERROR(MID(I54, FIND("struct ",I54)+7, LEN(I54)),IFERROR(MID(J54, FIND("struct ",J54)+7, LEN(J54)), "")) -> BBMS_A_CtlWord | L54: / | M54: Tx | N54: Rx | O54: Rx | P54: Set | Q54: 0 | R54: 0 | S54: / | T54: =COUNTIF(A:A, A54) -> 1 | U54: 1 | V54: BMS20/BMS21/BMS23 | W54: RACK_NUMBER_FOR_EVERY_BANK | X54: 0
A55: System_Info | B55: 写入-二级板的设备状态信息 | C55: OnChange | D55: / | E55: 0x04 | F55: 12 | G55: 0x01 | H55: {=_xlfn.SWITCH(G55,"0x01","YCP_TRANSPORT_UNNEED_ACK","0x02","YCP_TRANSPORT_NEED_ACK","")} -> YCP_TRANSPORT_UNNEED_ACK | I55: struct System_Info | J55: / | K55: =IFERROR(MID(I55, FIND("struct ",I55)+7, LEN(I55)),IFERROR(MID(J55, FIND("struct ",J55)+7, LEN(J55)), "")) -> System_Info | L55: / | M55: Rx | N55: Rx | O55: / | P55: Set | Q55: 0 | R55: 0 | S55: / | T55: =COUNTIF(A:A, A55) -> 2 | U55: 0 | V55: BMS20/BMS21/BMS23 | W55: RACK_NUMBER_FOR_EVERY_BANK | X55: 0
A56: System_Info | B56: 写入-三级板的设备状态信息 | C56: OnChange | D56: / | E56: 0x01 | F56: 44 | G56: 0x02 | H56: {=_xlfn.SWITCH(G56,"0x01","YCP_TRANSPORT_UNNEED_ACK","0x02","YCP_TRANSPORT_NEED_ACK","")} -> YCP_TRANSPORT_NEED_ACK | I56: struct System_Info | J56: struct state{ uint8_t state; //00：写入成功，01：写入失败 } | K56: =IFERROR(MID(I56, FIND("struct ",I56)+7, LEN(I56)),IFERROR(MID(J56, FIND("struct ",J56)+7, LEN(J56)), "")) -> System_Info | L56: / | M56: / | N56: / | O56: Rx | P56: Set | Q56: 0 | R56: 0 | S56: / | T56: =COUNTIF(A:A, A56) -> 2 | U56: 0 | V56: BMS20/BMS21/BMS23 | W56: / | X56: 0

Sheet Comm Matrix
A1: Message Name | B1: Description | C1: Signal Name | D1: Signal Description | E1: Byte | F1: Start Bit | G1: Bit Length (Bit) | H1: Resolution | I1: offset | J1: Signal Min. Value (Valid) | K1: Signal Max. Value (Valid) | L1: Initial Value | M1: Unit | N1: CSV Store Length(Byte) | O1: Signal Value Description | P1: SSD Store Display | Q1: Upper Computer Display | R1: remark | S1: Tx Mapping Signal (RBMS/BBMS_M/BBMS_A) | T1: Rx Mapping Signal (BBMS_A) | U1: Rx Mapping Signal (BBMS_M) | V1: Rx Mapping Signal (RBMS) | W1: Signal ArrType | Y1: Signal Description V2
A2: RBMS_SumInfo | B2: =VLOOKUP(A2,'Message ID'!A:O,2,FALSE) -> Rack 概要数据(系统状态、高压状态、接插件温度、消防干接点、TMS、FCU、温湿度、水浸传感器；SOX、持续和瞬时功率、电压温度概要、故障和心跳信号；可充/放容量电量) | E2: 310 | N2: =SUM(N3:N139) -> 765
C3: RBMS_St | D3: Battery String Status 电池串工作状态 | E3: =IF(INT((F3 + G3-1) / 8) + 1 = INT(F3 / 8) + 1, INT(F3 / 8) + 1, INT(F3 / 8) + 1 & "-" & INT((F3 + G3 - 1) / 8) + 1) -> 1 | F3: 0 | G3: 8 | H3: 1 | I3: 0 | J3: 0 | K3: =(POWER(2,G3)-1)*H3+I3 -> 255 | L3: 0 | M3: / | N3: =LEN(K3) -> 3 | O3: Bit0[1]: Rack Enable Status;Rack使能状态 Signal; 0X0-Disabled; 0X1-Enabled; Bit1[1]: Rack Online Status;Rack在线状态 Signal; 0X0-Offline; 0X1-Online; Bit2-Bit3[1]: Rack Control Mode Status;Rack控制模式 Signal; 0X1-Debug; 0X2-BMS Control; 0X3-EMS Control; Bit4[1]: Overall Balancing Status;均衡状态 Signal; 0X0-Stop; 0X1-Ongoing; Bit5[1]: Green Light Status;绿灯状态 Signal; 0X0-Off; 0X1-On; Bit6[1]: Yellow Light Status;黄灯状态 Signal; 0X0-Off; 0X1-On; Bit7[1]: Red Light Status;红灯状态 Signal; 0X0-Off; 0X1-On; | P3: Rack状态,Rack Status;系统信息[1,1,6] | Q3: Y | S3: ScEMCT_RBMS_St | T3: BSWSRackSt | U3: BSWSRackSt | V3: / | Y3: Working Status 工作状态
C4: RBMS_ChaSt | D4: Rack Charging Status Rack充放电状态 | E4: =IF(INT((F4 + G4-1) / 8) + 1 = INT(F4 / 8) + 1, INT(F4 / 8) + 1, INT(F4 / 8) + 1 & "-" & INT((F4 + G4 - 1) / 8) + 1) -> 2 | F4: =F3+G3 -> 8 | G4: 8 | H4: 1 | I4: 0 | J4: 0 | K4: =(POWER(2,G4)-1)*H4+I4 -> 255 | L4: 0 | M4: / | N4: =LEN(K4) -> 3 | O4: Enum 0X1: Not Connected; 0X2: Full Discharge; 0X3: Discharge; 0X4: Charge; 0X5: Full Charge; 0X6: Standing; | P4: Rack状态,Rack Status;系统信息[1,1,8] | Q4: Y | R4: 模型逻辑不需要更新，仅更新显示 | S4: ScEMCT_RBMS_ChaSt | T4: / | U4: BSWSRackChaSt | V4: / | Y4: Charging Status 充放电状态
C5: RBMS_SysOperSt | D5: Rack Operating Status Rack运行状态 | E5: =IF(INT((F5 + G5-1) / 8) + 1 = INT(F5 / 8) + 1, INT(F5 / 8) + 1, INT(F5 / 8) + 1 & "-" & INT((F5 + G5 - 1) / 8) + 1) -> 3 | F5: =F4+G4 -> 16 | G5: 8 | H5: 1 | I5: 0 | J5: 0 | K5: =(POWER(2,G5)-1)*H5+I5 -> 255 | L5: 0 | M5: / | N5: =LEN(K5) -> 3 | O5: Enum 0X1: Not Connected; 0X2: Starting; 0X3: Connected; 0X4: Reserved; 0X5: SOC Protection; 0X63: Fault; | P5: Rack状态,Rack Status;系统信息[1,1,7] | Q5: Y | R5: xuc 0826：RBMS_SysOperSt中SOC低直接用SOC低故障 @张龙b 其他模型逻辑不需要更新，仅更新显示 | S5: ScEMCT_RBMS_SysOperSt | T5: / | U5: BSWSRackSysOperSt | V5: / | Y5: Operating Status 运行状态
C6: RBMS_ConSt | D6: Contactor Status 继电器/干接点状态 | E6: =IF(INT((F6 + G6-1) / 8) + 1 = INT(F6 / 8) + 1, INT(F6 / 8) + 1, INT(F6 / 8) + 1 & "-" & INT((F6 + G6 - 1) / 8) + 1) -> 4-5 | F6: =F5+G5 -> 24 | G6: 16 | H6: 1 | I6: 0 | J6: 0 | K6: =(POWER(2,G6)-1)*H6+I6 -> 65535 | L6: 0 | M6: / | N6: =LEN(K6) -> 5 | O6: Bit0[1]: Main Negative Contactor Status;主负继电器状态; Signal; 0X0-Open; 0X1-Closed; Bit1[1]: Main Positive Contactor Status;主正继电器状态; Signal; 0X0-Open; 0X1-Closed; Bit2[1]: Precharge Contactor Status;预充继电器状态 Signal; 0X0-Open; 0X1-Closed; Bit3[0]: Reserved;保留 Signal; 0X0-Open; 0X1-Closed; Bit4[0]: Reserved;保留 Signal; 0X0-Open; 0X1-Closed; Bit5[0]: Reserved;保留 Signal; 0X0-Open; 0X1-Closed; Bit6[1]: QS Switch Status;隔离开关QS状态 Signal; 0X0-Closed; 0X1-Open; Bit7[1]: HV Interlock Status;高压互锁状态 Signal; 0X0-Closed; 0X1-Open; Bit8-Bit9[0]: HV Box Cooling Fan Status;高压箱冷却风扇状态 Signal; 0X0-Open; 0X1-Closed; Bit10[1]: EStop Status;急停状态 Signal; 0X0-Closed; 0X1-Open; Bit11[0]: Reserved;保留 Signal； 0X0-Open; 0X1-Closed; Bit12[0]: Reserved;保留 Signal; 0X0-Open; 0X1-Closed; Bit13[0]: Reserved;保留 Signal; 0X0-Open; 0X1-Closed; Bit14[1]: Isolation Finished Flag;绝缘完成标志 Signal; 0X0-No; 0X1-Yes; Bit15[1]: Door Open Status;电柜门状态 Signal; 0X0-Closed; 0X1-Open; | P6: Rack状态,Rack Status;继电器信息[1,2,2] | Q6: Y | S6: ScEMCT_RBMS_ConSt | T6: / | U6: BSWSRackConSt | V6: / | Y6: Contactor Status 接触器状态
C7: RBMS_ConFail | D7: HV Connect Fail Reason 高压连接失败原因 | E7: =IF(INT((F7 + G7-1) / 8) + 1 = INT(F7 / 8) + 1, INT(F7 / 8) + 1, INT(F7 / 8) + 1 & "-" & INT((F7 + G7 - 1) / 8) + 1) -> 6-7 | F7: =F6+G6 -> 40 | G7: 16 | H7: 1 | I7: 0 | J7: 0 | K7: =(POWER(2,G7)-1)*H7+I7 -> 65535 | L7: 0 | M7: / | N7: =LEN(K7) -> 5 | O7: Enums Bit0: Insulation Unfinished Bit1: Debug Mode Bit2: Battery String Disabled Bit3: EMS Trip Bit4: Extreme Fault CRC Check Failed Bit5: Precharge Timeout Bit6: Hv Differential not Achieved During Precharge Phase Bit7: Precharge Fault Set Bit8: Relay Fault Set Bit9: RBMS has Level 1 Fault Bit10: Hv Control Mode Disconnected Bit11: Extreme Fault Set Bit12: Emergency Stop Signal Set Bit13: Recharging Plug Interlock Signal Set | P7: Rack状态,Rack Status;继电器信息[1,2,1] | Q7: Y | S7: ScEMCT_RBMS_ConFail | T7: / | U7: BSWSRackConFail | V7: / | Y7: HV Connect Fail Reason 高压连接失败原因
C8: RBMS_V | D8: Battery String Voltage (V) 电池串电压 (V) | E8: =IF(INT((F8 + G8-1) / 8) + 1 = INT(F8 / 8) + 1, INT(F8 / 8) + 1, INT(F8 / 8) + 1 & "-" & INT((F8 + G8 - 1) / 8) + 1) -> 8-9 | F8: =F7+G7 -> 56 | G8: 16 | H8: 0.5 | I8: 0 | J8: 0 | K8: =(POWER(2,G8)-1)*H8+I8 -> 32767.5 | L8: 0 | M8: V | N8: =LEN(K8) -> 7 | P8: Rack采样信息,Rack Sampling Information;其他电压[3,3,1] | Q8: Y | S8: ScEMCT_RBMS_V | T8: / | U8: BSWSRackV | V8: / | Y8: Battery String Voltage (V) 电池串电压 (V)
C9: RBMS_DCBusV | D9: DC Bus Voltage (V) 总线电压 (V) | E9: =IF(INT((F9 + G9-1) / 8) + 1 = INT(F9 / 8) + 1, INT(F9 / 8) + 1, INT(F9 / 8) + 1 & "-" & INT((F9 + G9 - 1) / 8) + 1) -> 10-11 | F9: =F8+G8 -> 72 | G9: 16 | H9: 0.5 | I9: 0 | J9: 0 | K9: =(POWER(2,G9)-1)*H9+I9 -> 32767.5 | L9: 0 | M9: V | N9: =LEN(K9) -> 7 | P9: Rack采样信息,Rack Sampling Information;其他电压[3,3,2] | Q9: Y | S9: ScEMCT_RBMS_DCBusV | T9: / | U9: BSWSRackDCBusV | V9: / | Y9: DC Bus Voltage (V) 总线电压 (V)
C10: RBMS_A_HighAccu | D10: DC Bus Current (A) (High accu) 总线电流 (A) (高精度) | E10: =IF(INT((F10 + G10-1) / 8) + 1 = INT(F10 / 8) + 1, INT(F10 / 8) + 1, INT(F10 / 8) + 1 & "-" & INT((F10 + G10 - 1) / 8) + 1) -> 12-15 | F10: =F9+G9 -> 88 | G10: 32 | H10: 0.001 | I10: -2000 | J10: -2000 | K10: =(POWER(2,G10)-1)*H10+I10 -> 4292967.3 | L10: 0 | M10: A | N10: =LEN(K10) -> 11 | P10: Rack采样信息,Rack Sampling Information;电流[3,2,1] | R10: songx0830：簇电流是否可以直接用single? xuc 0904: 已提高分辨率 | S10: ScSGPC_BatIA | T10: / | U10: / | V10: / | Y10: DC Bus Current (A) (High accu) 总线电流 (A) (高精度)
C11: RBMS_IsoR | D11: Insulation Resistance (kOhm) 绝缘阻值 (kOhm) | E11: =IF(INT((F11 + G11-1) / 8) + 1 = INT(F11 / 8) + 1, INT(F11 / 8) + 1, INT(F11 / 8) + 1 & "-" & INT((F11 + G11 - 1) / 8) + 1) -> 16-17 | F11: =F10+G10 -> 120 | G11: 16 | H11: 1 | I11: 0 | J11: 0 | K11: =(POWER(2,G11)-1)*H11+I11 -> 65535 | L11: 0 | M11: kOhm | N11: =LEN(K11) -> 5 | P11: Rack状态,Rack Status;绝缘信息[1,3,8] | Q11: Y | S11: ScEMCT_RBMS_IsoR | T11: / | U11: BSWSRackIsoR | V11: / | Y11: Insulation Resistance (kOhm) 绝缘阻值 (kOhm)
C12: RBMS_HvBoxMaxTemp | D12: Max HV Box Temperature (℃) 最高高压箱温度 (℃) | E12: =IF(INT((F12 + G12-1) / 8) + 1 = INT(F12 / 8) + 1, INT(F12 / 8) + 1, INT(F12 / 8) + 1 & "-" & INT((F12 + G12 - 1) / 8) + 1) -> 18-19 | F12: =F11+G11 -> 136 | G12: 16 | H12: 0.1 | I12: -40 | J12: -40 | K12: =(POWER(2,G12)-1)*H12+I12 -> 6513.5 | L12: 0 | M12: ℃ | N12: =LEN(K12) -> 6 | P12: Rack采样信息,Rack Sampling Information;高压箱温度[3,8,1] | Q12: Y | S12: ScCLTH_CtlBoxTMaxDegC | T12: / | U12: BSWSRackMaxHvBoxTDegC | V12: / | Y12: Max HV Box Temperature (℃) 最高高压箱温度 (℃)
C13: RBMS_HvBoxMinTemp | D13: Min HV Box Temperature (℃) 最低高压箱温度 (℃) | E13: =IF(INT((F13 + G13-1) / 8) + 1 = INT(F13 / 8) + 1, INT(F13 / 8) + 1, INT(F13 / 8) + 1 & "-" & INT((F13 + G13 - 1) / 8) + 1) -> 20-21 | F13: =F12+G12 -> 152 | G13: 16 | H13: 0.1 | I13: -40 | J13: -40 | K13: =(POWER(2,G13)-1)*H13+I13 -> 6513.5 | L13: 0 | M13: ℃ | N13: =LEN(K13) -> 6 | P13: Rack采样信息,Rack Sampling Information;高压箱温度[3,8,2] | Q13: Y | S13: ScCLTH_CtlBoxTMinDegC | T13: / | U13: BSWSRackMinHvBoxTDegC | V13: / | Y13: Min HV Box Temperature (℃) 最低高压箱温度 (℃)
C14: Reserved3 | D14: Reserved3 预留占位3 | E14: =IF(INT((F14 + G14-1) / 8) + 1 = INT(F14 / 8) + 1, INT(F14 / 8) + 1, INT(F14 / 8) + 1 & "-" & INT((F14 + G14 - 1) / 8) + 1) -> 22 | F14: =F13+G13 -> 168 | G14: 8 | H14: 1 | I14: 0 | J14: 0 | K14: =(POWER(2,G14)-1)*H14+I14 -> 255 | L14: 0 | M14: / | N14: 0 | S14: / | T14: / | U14: / | V14: / | Y14: Reserved3 预留占位3
C15: RBMS_LowPowSply | D15: Low Power Supply Voltage (mV) 低压供电电压 (mV) | E15: =IF(INT((F15 + G15-1) / 8) + 1 = INT(F15 / 8) + 1, INT(F15 / 8) + 1, INT(F15 / 8) + 1 & "-" & INT((F15 + G15 - 1) / 8) + 1) -> 23-24 | F15: =F14+G14 -> 176 | G15: 16 | H15: 1 | I15: 0 | J15: 0 | K15: =(POWER(2,G15)-1)*H15+I15 -> 65535 | L15: 0 | M15: mV | N15: =LEN(K15) -> 5 | P15: Rack采样信息,Rack Sampling Information;其他电压[3,3,3] | Q15: Y | S15: ScEMCT_RBMS_LowPowSply | T15: / | U15: BSWSRackLowPowSply | V15: / | Y15: Low Power Supply Voltage (mV) 低压供电电压 (mV)
C16: RBMS_RlyCtrlSeqStState | D16: Relay Control Status 继电器控制状态 | E16: =IF(INT((F16 + G16-1) / 8) + 1 = INT(F16 / 8) + 1, INT(F16 / 8) + 1, INT(F16 / 8) + 1 & "-" & INT((F16 + G16 - 1) / 8) + 1) -> 25 | F16: =F15+G15 -> 192 | G16: 4 | H16: 1 | I16: 0 | J16: 0 | K16: =(POWER(2,G16)-1)*H16+I16 -> 15 | L16: 0 | M16: / | N16: =LEN(K16) -> 2 | O16: Enum 0X0: Initial; 0X1: ClsMainNeg; 0X2: ClsPrech; 0X3: ClsMainPos; 0X4: Online; 0X5: WaitForCurrDwn; 0X6: OpenMainPos; 0X7: OpenMainNeg; 0X8: DlyForNxtPowup; 0X9: Service; 0XA: SftyOpenMainPos; 0XB: SftyOpenMainNeg; 0XC: SftyDlyForNxtPowup; | P16: Rack状态,Rack Status;继电器信息[1,2,4] | Q16: Y | S16: SeCTSC_RlyCtrlSeqStState | T16: / | U16: BSWSRlyCtrlSeqStState | V16: / | Y16: Relay Control Status 继电器控制状态
C17: RBMS_HvCnctCoverPrechFlg | D17: Rack Prech-included Hv Main Circiut Status Flg 簇包含预充的高压主回路状态标志位 | E17: =IF(INT((F17 + G17-1) / 8) + 1 = INT(F17 / 8) + 1, INT(F17 / 8) + 1, INT(F17 / 8) + 1 & "-" & INT((F17 + G17 - 1) / 8) + 1) -> 25 | F17: =F16+G16 -> 196 | G17: 1 | H17: 1 | I17: 0 | J17: 0 | K17: =(POWER(2,G17)-1)*H17+I17 -> 1 | L17: 1 | M17: flg | N17: =LEN(K17) -> 1 | O17: Enum 0x0: Open 0x1: Close | P17: Rack状态,Rack Status;继电器信息[1,2,7] | S17: SbCTSC_HvCnctStCoverPrechFlg | T17: / | U17: BSWSHvCnctStCoverPrechFlg | V17: / | Y17: Rack Prech-included Hv Main Circiut Status Flg 簇包含预充的高压主回路状态标志位
C18: Reserved | D18: Reserved 预留占位 | E18: =IF(INT((F18 + G18-1) / 8) + 1 = INT(F18 / 8) + 1, INT(F18 / 8) + 1, INT(F18 / 8) + 1 & "-" & INT((F18 + G18 - 1) / 8) + 1) -> 25 | F18: =F17+G17 -> 197 | G18: 3 | H18: 1 | I18: 0 | J18: 0 | K18: =(POWER(2,G18)-1)*H18+I18 -> 7 | L18: 0 | M18: / | N18: 0 | S18: / | T18: / | U18: / | V18: / | Y18: Reserved 预留占位
C19: RBMS_ReChrgStatus | D19: Recharge Status 补电状态 | E19: =IF(INT((F19 + G19-1) / 8) + 1 = INT(F19 / 8) + 1, INT(F19 / 8) + 1, INT(F19 / 8) + 1 & "-" & INT((F19 + G19 - 1) / 8) + 1) -> 26 | F19: =F18+G18 -> 200 | G19: 8 | H19: 1 | I19: 0 | J19: 0 | K19: =(POWER(2,G19)-1)*H19+I19 -> 255 | L19: 0 | M19: Nbr | N19: =LEN(K19) -> 3 | O19: Enum 0X0: Not Recharge; 0X1: Recharging; 0X2: Recharge Finished; | P19: Rack状态,Rack Status;继电器信息[1,2,5] | Q19: Y | S19: ScCTSC_ReChrgStateNbr | T19: / | U19: / | V19: / | Y19: Recharge Status 补电状态
C20: RBMS_HisSleepTiWrMin | D20: Rack History Sleep Time (min) 历史休眠时间 (min) | E20: =IF(INT((F20 + G20-1) / 8) + 1 = INT(F20 / 8) + 1, INT(F20 / 8) + 1, INT(F20 / 8) + 1 & "-" & INT((F20 + G20 - 1) / 8) + 1) -> 27-30 | F20: =F19+G19 -> 208 | G20: 32 | H20: 1 | I20: 0 | J20: 0 | K20: =(POWER(2,G20)-1)*H20+I20 -> 4294967295 | L20: 0 | M20: Min | N20: =LEN(K20) -> 10 | P20: Rack历史信息,Rack History Information;时间[4,1,1] | Q20: Y | S20: ScEMCT_RBMS_HisSleepTiWrMin | T20: / | U20: BSWSRackHisSleepTiWrMin | V20: / | Y20: History Sleep Time (min) 历史休眠时间 (min)
C21: RBMS_HisRunTiWrMin | D21: Rack History Run Time (min) 历史运行时间 (min) | E21: =IF(INT((F21 + G21-1) / 8) + 1 = INT(F21 / 8) + 1, INT(F21 / 8) + 1, INT(F21 / 8) + 1 & "-" & INT((F21 + G21 - 1) / 8) + 1) -> 31-34 | F21: =F20+G20 -> 240 | G21: 32 | H21: 1 | I21: 0 | J21: 0 | K21: =(POWER(2,G21)-1)*H21+I21 -> 4294967295 | L21: 0 | M21: Min | N21: =LEN(K21) -> 10 | P21: Rack历史信息,Rack History Information;时间[4,1,2] | Q21: Y | S21: ScEMCT_RBMS_HisRunTiWrMin | T21: / | U21: BSWSRackHisRunTiWrMin | V21: / | Y21: History Run Time (min) 历史运行时间 (min)
C22: RBMS_LstSleepDurTiMin | D22: Last Power-down Sleep Time (min) 上次下电休眠时间 (min) | E22: =IF(INT((F22 + G22-1) / 8) + 1 = INT(F22 / 8) + 1, INT(F22 / 8) + 1, INT(F22 / 8) + 1 & "-" & INT((F22 + G22 - 1) / 8) + 1) -> 35-38 | F22: =F21+G21 -> 272 | G22: 32 | H22: 1 | I22: 0 | J22: 0 | K22: =(POWER(2,G22)-1)*H22+I22 -> 4294967295 | L22: 0 | M22: Min | N22: =LEN(K22) -> 10 | P22: Rack历史信息,Rack History Information;时间[4,1,3] | S22: ScSGPC_LstSleepDurTiMin | T22: / | V22: / | Y22: Last Power-down Sleep Time (min) 上次下电休眠时间 (min)
C23: RBMS_IDLearnCodeSt | D23: Rack ID Learn Status Rack ID编码状态 | E23: =IF(INT((F23 + G23-1) / 8) + 1 = INT(F23 / 8) + 1, INT(F23 / 8) + 1, INT(F23 / 8) + 1 & "-" & INT((F23 + G23 - 1) / 8) + 1) -> 39 | F23: =F22+G22 -> 304 | G23: 8 | H23: 1 | I23: 0 | J23: 0 | K23: =(POWER(2,G23)-1)*H23+I23 -> 255 | L23: 0 | M23: / | N23: =LEN(K23) -> 3 | O23: Enum 0X0: Initial; 0X1: Addressing; 0X2: Present RBMS Finished; 0X3: All RBMS Finished; 0X4: Failed; | P23: Rack状态,Rack Status;系统信息[1,1,3] | Q23: Y | S23: ScEMCT_RBMS_IDLearnCodeSt | T23: / | V23: / | Y23: ID Learn Status ID编码状态
C24: RBMS_IsoRPos | D24: Positive to GND Insulation Resistance (kOhm) 正对地绝缘阻值 (kOhm) | E24: =IF(INT((F24 + G24-1) / 8) + 1 = INT(F24 / 8) + 1, INT(F24 / 8) + 1, INT(F24 / 8) + 1 & "-" & INT((F24 + G24 - 1) / 8) + 1) -> 40-41 | F24: =F23+G23 -> 312 | G24: 16 | H24: 1 | I24: 0 | J24: 0 | K24: =(POWER(2,G24)-1)*H24+I24 -> 65535 | L24: 0 | M24: kOhm | N24: =LEN(K24) -> 5 | P24: Rack状态,Rack Status;绝缘信息[1,3,9] | S24: ScEMCT_RBMS_IsoRPos | T24: / | U24: BSWSRackIsoRPos | V24: / | Y24: Insulation Positive to GND Resistance (kOhm) 绝缘正对地阻值 (kOhm)
C25: RBMS_IsoRNeg | D25: Negative to GND Insulation Resistance (kOhm) 负对地绝缘阻值 (kOhm) | E25: =IF(INT((F25 + G25-1) / 8) + 1 = INT(F25 / 8) + 1, INT(F25 / 8) + 1, INT(F25 / 8) + 1 & "-" & INT((F25 + G25 - 1) / 8) + 1) -> 42-43 | F25: =F24+G24 -> 328 | G25: 16 | H25: 1 | I25: 0 | J25: 0 | K25: =(POWER(2,G25)-1)*H25+I25 -> 65535 | L25: 0 | M25: kOhm | N25: =LEN(K25) -> 5 | P25: Rack状态,Rack Status;绝缘信息[1,3,10] | S25: ScEMCT_RBMS_IsoRNeg | T25: / | U25: BSWSRackIsoRNeg | V25: / | Y25: Insulation Negative to GND Resistance (kOhm) 绝缘负对地阻值 (kOhm)
C26: RBMS_CmdInhibitFlg | D26: Insulation Disable Flag 绝缘禁止标志位 | E26: =IF(INT((F26 + G26-1) / 8) + 1 = INT(F26 / 8) + 1, INT(F26 / 8) + 1, INT(F26 / 8) + 1 & "-" & INT((F26 + G26 - 1) / 8) + 1) -> 44 | F26: =F25+G25 -> 344 | G26: 8 | H26: 1 | I26: 0 | J26: 0 | K26: 1 | L26: 0 | M26: flg | N26: =LEN(K26) -> 1 | O26: Enum 0X0: Enable 0X1: Disable | P26: Rack状态,Rack Status;绝缘信息[1,3,2] | S26: ScEMCT_RBMS_CmdInhibitFlg | T26: / | U26: BSWSRackCmdInhibitFlg | V26: / | Y26: Insulation Inhibit Flag 绝缘禁止标志位
C27: RBMS_IslnHvVldNbr | D27: Insulation High Voltage Validity Status 绝缘高压有效性状态 | E27: =IF(INT((F27 + G27-1) / 8) + 1 = INT(F27 / 8) + 1, INT(F27 / 8) + 1, INT(F27 / 8) + 1 & "-" & INT((F27 + G27 - 1) / 8) + 1) -> 45 | F27: =F26+G26 -> 352 | G27: 8 | H27: 1 | I27: 0 | J27: 0 | K27: =(POWER(2,G27)-1)*H27+I27 -> 255 | L27: 0 | M27: / | N27: =LEN(K27) -> 3 | O27: Bit0[0]: Hv Battery Validity;高压有效性 Signal; 0X0-Invalid; 0X1-Valid; Bit1[0]: Postive Voltage Validity;正极电压有效性 Signal; 0X0-Invalid; 0X1-Valid; Bit2[0]: Negetive Voltage Validity;负极电压有效性 Signal; 0X0-Invalid; 0X1-Valid; | P27: Rack状态,Rack Status;绝缘信息[1,3,4] | R27: 统一按照bit 长度设置最大值 | S27: ScEMCT_RBMS_IslnHvVldNbr | T27: / | U27: BSWSRackIslnHvVldNbr | V27: / | Y27: Insulation Voltage Validity 绝缘电压有效性
C28: RBMS_IslnInhibitNbr | D28: Insulation Prohibition Reason 绝缘禁止原因 | E28: =IF(INT((F28 + G28-1) / 8) + 1 = INT(F28 / 8) + 1, INT(F28 / 8) + 1, INT(F28 / 8) + 1 & "-" & INT((F28 + G28 - 1) / 8) + 1) -> 46 | F28: =F27+G27 -> 360 | G28: 8 | H28: 1 | I28: 0 | J28: 0 | K28: =(POWER(2,G28)-1)*H28+I28 -> 255 | L28: 0 | M28: / | N28: =LEN(K28) -> 3 | O28: Enum 0X0: Normal; 0X1: HMI Insulation Prohibition; 0X2: Insulation-related Voltage Invalid; 0X3: Hv Insulation Prohibition; 0X4: XCP Configuration Insulation Prohibition; | P28: Rack状态,Rack Status;绝缘信息[1,3,3] | Q28: Y | S28: ScEMCT_RBMS_IslnInhibitNbr | T28: / | U28: BSWSRackIslnInhibitNbr | V28: / | Y28: Insulation Inhibit Reason 绝缘禁止原因
C29: RBMS_CellTMUXFaiIDNbr | D29: Temp Sampling MUX Fail Position 温度采样MUX失效位置 | E29: =IF(INT((F29 + G29-1) / 8) + 1 = INT(F29 / 8) + 1, INT(F29 / 8) + 1, INT(F29 / 8) + 1 & "-" & INT((F29 + G29 - 1) / 8) + 1) -> 47-54 | F29: =F28+G28 -> 368 | G29: 64 | H29: 1 | I29: 0 | J29: 0 | K29: =(POWER(2,G29)-1)*H29+I29 -> 1.8446744e+19 | L29: 0 | M29: / | N29: =LEN(K29) -> 20 | P29: Rack采样信息,Rack Sampling Information;电芯温度[3,6,1] | Q29: Y | R29: 所有失效的MUX位置（1-失效，0-未失效） bitN: 第N+1个MUX | S29: ScEMCT_RBMS_CellTMUXFaiIDNbr | T29: / | U29: / | V29: / | Y29: Temp Sampling MUX Fail Position 温度采样MUX失效位置
C30: RBMS_MaxPackFuseTDegC | D30: Max Pack Fuse Temp (℃) 最高Pack熔断器温度 (℃) | E30: =IF(INT((F30 + G30-1) / 8) + 1 = INT(F30 / 8) + 1, INT(F30 / 8) + 1, INT(F30 / 8) + 1 & "-" & INT((F30 + G30 - 1) / 8) + 1) -> 55-56 | F30: =F29+G29 -> 432 | G30: 16 | H30: 0.1 | I30: -40 | J30: 0 | K30: =(POWER(2,G30)-1)*H30+I30 -> 6513.5 | L30: 0 | M30: ℃ | N30: =LEN(K30) -> 6 | P30: Rack采样信息,Rack Sampling Information;其他温度[3,5,10] | S30: ScCLTH_MaxPackFuseTDegC | T30: / | U30: / | V30: / | Y30: Max Pack Fuse Temp (℃) 最高Pack熔断器温度 (℃)
C31: RBMS_MinPackFuseTDegC | D31: Min Pack Fuse Temp (℃) 最低Pack熔断器温度 (℃) | E31: =IF(INT((F31 + G31-1) / 8) + 1 = INT(F31 / 8) + 1, INT(F31 / 8) + 1, INT(F31 / 8) + 1 & "-" & INT((F31 + G31 - 1) / 8) + 1) -> 57-58 | F31: =F30+G30 -> 448 | G31: 16 | H31: 0.1 | I31: -40 | J31: 0 | K31: =(POWER(2,G31)-1)*H31+I31 -> 6513.5 | L31: 0 | M31: ℃ | N31: =LEN(K31) -> 6 | P31: Rack采样信息,Rack Sampling Information;其他温度[3,5,11] | S31: ScCLTH_MinPackFuseTDegC | T31: / | U31: / | V31: / | Y31: Min Pack Fuse Temp (℃) 最低Pack熔断器温度 (℃)
C32: RBMS_DayAccuChCapAh | D32: Daily Accu Charge Cap (Ah) 当日累计充电容量 (Ah) | E32: =IF(INT((F32 + G32-1) / 8) + 1 = INT(F32 / 8) + 1, INT(F32 / 8) + 1, INT(F32 / 8) + 1 & "-" & INT((F32 + G32 - 1) / 8) + 1) -> 59-62 | F32: =F31+G31 -> 464 | G32: 32 | H32: 1 | I32: 0 | J32: 0 | K32: =(POWER(2,G32)-1)*H32+I32 -> 4294967295 | L32: 0 | M32: Ah | N32: =LEN(K32) -> 10 | P32: Rack历史信息,Rack History Information;累计[4,2,10] | S32: ScEMCT_DayAccuChCapAh | T32: / | U32: BSWSRackDayAccuChrgAh | V32: / | Y32: Daily Accu Charge Cap (Ah) 当日累计充电容量 (Ah)
C33: RBMS_DayAccuDchCapAh | D33: Daily Accu Discharge Cap (Ah) 当日累计放电容量 (Ah) | E33: =IF(INT((F33 + G33-1) / 8) + 1 = INT(F33 / 8) + 1, INT(F33 / 8) + 1, INT(F33 / 8) + 1 & "-" & INT((F33 + G33 - 1) / 8) + 1) -> 63-66 | F33: =F32+G32 -> 496 | G33: 32 | H33: 1 | I33: 0 | J33: 0 | K33: =(POWER(2,G33)-1)*H33+I33 -> 4294967295 | L33: 0 | M33: Ah | N33: =LEN(K33) -> 10 | P33: Rack历史信息,Rack History Information;累计[4,2,11] | S33: ScEMCT_DayAccuDischCapAh | T33: / | U33: BSWSRackDayAccuDisChrgAh | V33: / | Y33: Daily Accu Discharge Cap (Ah) 当日累计放电容量 (Ah)
C34: RBMS_DayAccuChEngkWh | D34: Daily Accu Charge Eng (kWh) 当日累计充电能量 (kWh) | E34: =IF(INT((F34 + G34-1) / 8) + 1 = INT(F34 / 8) + 1, INT(F34 / 8) + 1, INT(F34 / 8) + 1 & "-" & INT((F34 + G34 - 1) / 8) + 1) -> 67-70 | F34: =F33+G33 -> 528 | G34: 32 | H34: 1 | I34: 0 | J34: 0 | K34: =(POWER(2,G34)-1)*H34+I34 -> 4294967295 | L34: 0 | M34: kWh | N34: =LEN(K34) -> 10 | P34: Rack历史信息,Rack History Information;累计[4,2,12] | S34: ScEMCT_DayAccuChEngKwh | T34: / | U34: BSWSRackDayAccuChrgkWh | V34: / | Y34: Daily Accu Charge Eng (kWh) 当日累计充电能量 (kWh)
C35: RBMS_DayAccuDchEngkWh | D35: Daily Accu Discharge Eng (kWh) 当日累计放电能量 (kWh) | E35: =IF(INT((F35 + G35-1) / 8) + 1 = INT(F35 / 8) + 1, INT(F35 / 8) + 1, INT(F35 / 8) + 1 & "-" & INT((F35 + G35 - 1) / 8) + 1) -> 71-74 | F35: =F34+G34 -> 560 | G35: 32 | H35: 1 | I35: 0 | J35: 0 | K35: =(POWER(2,G35)-1)*H35+I35 -> 4294967295 | L35: 0 | M35: kWh | N35: =LEN(K35) -> 10 | P35: Rack历史信息,Rack History Information;累计[4,2,13] | S35: ScEMCT_DayAccuDischEngKwh | T35: / | U35: BSWSRackDayAccuDisChrgkWh | V35: / | Y35: Daily Accu Discharge Eng (kWh) 当日累计放电能量 (kWh)
C36: Reserved5[36] | D36: Reserved5 预留占位5 | E36: 75-110 | F36: =F29+G29 -> 432 | G36: 8 | H36: 1 | I36: 0 | J36: 0 | K36: =(POWER(2,G36)-1)*H36+I36 -> 255 | L36: 0 | M36: / | N36: 0 | S36: / | T36: / | U36: / | V36: /
C37: RBMS_SoC | D37: Rack SOC (%) Rack SOC（%） | E37: =IF(INT((F37 + G37-1) / 8) + 1 = INT(F37 / 8) + 1, INT(F37 / 8) + 1, INT(F37 / 8) + 1 & "-" & INT((F37 + G37 - 1) / 8) + 1) -> 111 | F37: 880 | G37: 8 | H37: 0.5 | I37: 0 | J37: 0 | K37: =(POWER(2,G37)-1)*H37+I37 -> 127.5 | L37: 0 | M37: % | N37: =LEN(K37) -> 5 | P37: Rack SOX状态,Rack SOX Status;SOC[2,1,1] | Q37: Y | R37: 发送显示SOC | S37: ScEMCT_RBMS_SoC | T37: / | U37: BSWSRackSoC | V37: / | Y37: SOC (%) SOC（%）
C38: RBMS_SoH | D38: Rack SOH (%) Rack SOH（%） | E38: =IF(INT((F38 + G38-1) / 8) + 1 = INT(F38 / 8) + 1, INT(F38 / 8) + 1, INT(F38 / 8) + 1 & "-" & INT((F38 + G38 - 1) / 8) + 1) -> 112 | F38: =F37+G37 -> 888 | G38: 8 | H38: 1 | I38: 0 | J38: 0 | K38: =(POWER(2,G38)-1)*H38+I38 -> 255 | L38: 100 | M38: % | N38: =LEN(K38) -> 3 | P38: Rack SOX状态,Rack SOX Status;SOH[2,2,1] | Q38: Y | R38: 发送显示SOH | S38: ScEMCT_RBMS_SoH | T38: / | U38: BSWSRackSoH | V38: / | Y38: SOH (%) SOH（%）
C39: RBMS_SoEC | D39: Rack SOE for Charge (kWh) Rack可充能量 (kWh) | E39: =IF(INT((F39 + G39-1) / 8) + 1 = INT(F39 / 8) + 1, INT(F39 / 8) + 1, INT(F39 / 8) + 1 & "-" & INT((F39 + G39 - 1) / 8) + 1) -> 113-114 | F39: =F38+G38 -> 896 | G39: 16 | H39: 0.125 | I39: 0 | J39: 0 | K39: =(POWER(2,G39)-1)*H39+I39 -> 8191.875 | L39: 0 | M39: kWh | N39: =LEN(K39) -> 8 | P39: Rack SOX状态,Rack SOX Status;SOE[2,3,3] | Q39: Y | S39: ScEMCT_RBMS_SoEC | T39: / | U39: BSWSRackSoEC | V39: / | Y39: SOE for Charge (kWh) 可充能量 (kWh)
C40: RBMS_SoED | D40: Rack SOE for Discharge (kWh) Rack可放能量 (kWh) | E40: =IF(INT((F40 + G40-1) / 8) + 1 = INT(F40 / 8) + 1, INT(F40 / 8) + 1, INT(F40 / 8) + 1 & "-" & INT((F40 + G40 - 1) / 8) + 1) -> 115-116 | F40: =F39+G39 -> 912 | G40: 16 | H40: 0.125 | I40: 0 | J40: 0 | K40: =(POWER(2,G40)-1)*H40+I40 -> 8191.875 | L40: 0 | M40: kWh | N40: =LEN(K40) -> 8 | P40: Rack SOX状态,Rack SOX Status;SOE[2,3,4] | Q40: Y | S40: ScEMCT_RBMS_SoED | T40: / | U40: BSWSRackSoED | V40: / | Y40: SOE for Discharge (kWh) 可放能量 (kWh)
C41: RBMS_SoFPulseChrgCurr | D41: Pulse Charge Curr Limit (A) 脉冲充电电流限制 (A) | E41: =IF(INT((F41 + G41-1) / 8) + 1 = INT(F41 / 8) + 1, INT(F41 / 8) + 1, INT(F41 / 8) + 1 & "-" & INT((F41 + G41 - 1) / 8) + 1) -> 117-118 | F41: =F40+G40 -> 928 | G41: 16 | H41: 0.125 | I41: 0 | J41: 0 | K41: =(POWER(2,G41)-1)*H41+I41 -> 8191.875 | L41: 0 | M41: A | N41: =LEN(K41) -> 8 | P41: Rack SOX状态,Rack SOX Status;SOP[2,4,1] | S41: ScEMCT_RBMS_SoFPulseChrgCurr | T41: / | U41: BSWSRackSoFPulseChrgCurr | V41: / | Y41: Pulse Charge Curr Limit (A) 脉冲充电电流限制 (A)
C42: RBMS_SoFPulseDisChrgCurr | D42: Pulse Discharge Curr Limit (A) 脉冲放电电流限制 (A) | E42: =IF(INT((F42 + G42-1) / 8) + 1 = INT(F42 / 8) + 1, INT(F42 / 8) + 1, INT(F42 / 8) + 1 & "-" & INT((F42 + G42 - 1) / 8) + 1) -> 119-120 | F42: =F41+G41 -> 944 | G42: 16 | H42: 0.125 | I42: 0 | J42: 0 | K42: =(POWER(2,G42)-1)*H42+I42 -> 8191.875 | L42: 0 | M42: A | N42: =LEN(K42) -> 8 | P42: Rack SOX状态,Rack SOX Status;SOP[2,4,2] | S42: ScEMCT_RBMS_SoFPulseDisChrgCurr | T42: / | U42: BSWSRackSoFPulseDisChrgCurr | V42: / | Y42: Pulse Discharge Curr Limit (A) 脉冲放电电流限制 (A)
C43: RBMS_SoFPulseChrgPwr | D43: Pulse Charge Power Limit (kW) 脉冲充电功率限制 (kW) | E43: =IF(INT((F43 + G43-1) / 8) + 1 = INT(F43 / 8) + 1, INT(F43 / 8) + 1, INT(F43 / 8) + 1 & "-" & INT((F43 + G43 - 1) / 8) + 1) -> 121-122 | F43: =F42+G42 -> 960 | G43: 16 | H43: 0.125 | I43: 0 | J43: 0 | K43: =(POWER(2,G43)-1)*H43+I43 -> 8191.875 | L43: 0 | M43: kW | N43: =LEN(K43) -> 8 | P43: Rack SOX状态,Rack SOX Status;SOP[2,4,3] | S43: ScEMCT_RBMS_SoFPulseChrgPwr | T43: / | U43: BSWSRackSoFPulseChrgPwr | V43: / | Y43: Pulse Charge Power Limit (kW) 脉冲充电功率限制 (kW)
C44: RBMS_SoFPulseDisChrgPwr | D44: Pulse Discharge Power Limit (kW) 脉冲放电功率限制 (kW) | E44: =IF(INT((F44 + G44-1) / 8) + 1 = INT(F44 / 8) + 1, INT(F44 / 8) + 1, INT(F44 / 8) + 1 & "-" & INT((F44 + G44 - 1) / 8) + 1) -> 123-124 | F44: =F43+G43 -> 976 | G44: 16 | H44: 0.125 | I44: 0 | J44: 0 | K44: =(POWER(2,G44)-1)*H44+I44 -> 8191.875 | L44: 0 | M44: kW | N44: =LEN(K44) -> 8 | P44: Rack SOX状态,Rack SOX Status;SOP[2,4,4] | S44: ScEMCT_RBMS_SoFPulseDisChrgPwr | T44: / | U44: BSWSRackSoFPulseDisChrgPwr | V44: / | Y44: Pulse Discharge Power Limit (kW) 脉冲放电功率限制 (kW)
C45: RBMS_SoFContChrgCurr | D45: Const Charge Curr Limit (A) 持续充电电流限制 (A) | E45: =IF(INT((F45 + G45-1) / 8) + 1 = INT(F45 / 8) + 1, INT(F45 / 8) + 1, INT(F45 / 8) + 1 & "-" & INT((F45 + G45 - 1) / 8) + 1) -> 125-126 | F45: =F44+G44 -> 992 | G45: 16 | H45: 0.125 | I45: 0 | J45: 0 | K45: =(POWER(2,G45)-1)*H45+I45 -> 8191.875 | L45: 0 | M45: A | N45: =LEN(K45) -> 8 | P45: Rack SOX状态,Rack SOX Status;SOP[2,4,5] | Q45: Y | S45: ScEMCT_RBMS_SoFContChrgCurr | T45: / | U45: BSWSRackSoFContChrgCurr | V45: / | Y45: Const Charge Curr Limit (A) 持续充电电流限制 (A)
C46: RBMS_SoFContDisChrgCurr | D46: Const Discharge Curr Limit (A) 持续放电电流限制 (A) | E46: =IF(INT((F46 + G46-1) / 8) + 1 = INT(F46 / 8) + 1, INT(F46 / 8) + 1, INT(F46 / 8) + 1 & "-" & INT((F46 + G46 - 1) / 8) + 1) -> 127-128 | F46: =F45+G45 -> 1008 | G46: 16 | H46: 0.125 | I46: 0 | J46: 0 | K46: =(POWER(2,G46)-1)*H46+I46 -> 8191.875 | L46: 0 | M46: A | N46: =LEN(K46) -> 8 | P46: Rack SOX状态,Rack SOX Status;SOP[2,4,6] | Q46: Y | S46: ScEMCT_RBMS_SoFContDisChrgCurr | T46: / | U46: BSWSRackSoFContDisChrgCurr | V46: / | Y46: Const Discharge Curr Limit (A) 持续放电电流限制 (A)
C47: RBMS_SoFContChrgPwr | D47: Const Charge Power Limit (kW) 持续充电功率限制 (kW) | E47: =IF(INT((F47 + G47-1) / 8) + 1 = INT(F47 / 8) + 1, INT(F47 / 8) + 1, INT(F47 / 8) + 1 & "-" & INT((F47 + G47 - 1) / 8) + 1) -> 129-130 | F47: =F46+G46 -> 1024 | G47: 16 | H47: 0.125 | I47: 0 | J47: 0 | K47: =(POWER(2,G47)-1)*H47+I47 -> 8191.875 | L47: 0 | M47: kW | N47: =LEN(K47) -> 8 | P47: Rack SOX状态,Rack SOX Status;SOP[2,4,7] | S47: ScEMCT_RBMS_SoFContChrgPwr | T47: / | U47: BSWSRackSoFContChrgPwr | V47: / | Y47: Const Charge Power Limit (kW) 持续充电功率限制 (kW)
C48: RBMS_SoFContDisChrgPwr | D48: Const Discharge Power Limit (kW) 持续放电功率限制 (kW) | E48: =IF(INT((F48 + G48-1) / 8) + 1 = INT(F48 / 8) + 1, INT(F48 / 8) + 1, INT(F48 / 8) + 1 & "-" & INT((F48 + G48 - 1) / 8) + 1) -> 131-132 | F48: =F47+G47 -> 1040 | G48: 16 | H48: 0.125 | I48: 0 | J48: 0 | K48: =(POWER(2,G48)-1)*H48+I48 -> 8191.875 | L48: 0 | M48: kW | N48: =LEN(K48) -> 8 | P48: Rack SOX状态,Rack SOX Status;SOP[2,4,8] | S48: ScEMCT_RBMS_SoFContDisChrgPwr | T48: / | U48: BSWSRackSoFContDisChrgPwr | V48: / | Y48: Const Discharge Power Limit (kW) 持续放电功率限制 (kW)
C49: RBMS_CellVMax | D49: Max Cell Voltage (mV) 最大电芯电压 (mV) | E49: =IF(INT((F49 + G49-1) / 8) + 1 = INT(F49 / 8) + 1, INT(F49 / 8) + 1, INT(F49 / 8) + 1 & "-" & INT((F49 + G49 - 1) / 8) + 1) -> 133-134 | F49: =F48+G48 -> 1056 | G49: 14 | H49: 1 | I49: 0 | J49: 0 | K49: 5000 | L49: 0 | M49: mV | N49: =LEN(K49) -> 4 | P49: Rack采样信息,Rack Sampling Information;电芯电压[3,4,1] | Q49: Y | S49: ScCLVH_MaxCellVmV | T49: / | U49: BSWSRackCellVMax | V49: / | Y49: Max Cell Voltage (mV) 最大电芯电压 (mV)
C50: RBMS_CellVMaxPstn | D50: Max Cell Voltage Position 最大电芯电压位置 | E50: =IF(INT((F50 + G50-1) / 8) + 1 = INT(F50 / 8) + 1, INT(F50 / 8) + 1, INT(F50 / 8) + 1 & "-" & INT((F50 + G50 - 1) / 8) + 1) -> 134-136 | F50: =F49+G49 -> 1070 | G50: 11 | H50: 1 | I50: 0 | J50: 0 | K50: =(POWER(2,G50)-1)*H50+I50 -> 2047 | L50: 0 | M50: / | N50: =LEN(K50) -> 4 | P50: Rack采样信息,Rack Sampling Information;电芯电压[3,4,2] | Q50: Y | S50: ScCLVH_MaxCellVIdxNbr | T50: / | U50: BSWSRackCellVMaxPstn | V50: / | Y50: Max Cell Voltage Position 最大电芯电压位置
C51: RBMS_CellVMin | D51: Min Cell Voltage (mV) 最小电芯电压 (mV) | E51: =IF(INT((F51 + G51-1) / 8) + 1 = INT(F51 / 8) + 1, INT(F51 / 8) + 1, INT(F51 / 8) + 1 & "-" & INT((F51 + G51 - 1) / 8) + 1) -> 136-137 | F51: =F50+G50 -> 1081 | G51: 14 | H51: 1 | I51: 0 | J51: 0 | K51: 5000 | L51: 0 | M51: mV | N51: =LEN(K51) -> 4 | P51: Rack采样信息,Rack Sampling Information;电芯电压[3,4,5] | Q51: Y | S51: ScCLVH_MinCellVmV | T51: / | U51: BSWSRackCellVMin | V51: / | Y51: Min Cell Voltage (mV) 最小电芯电压 (mV)
C52: RBMS_CellVMinPstn | D52: Min Cell Voltage Position 最小电芯电压位置 | E52: =IF(INT((F52 + G52-1) / 8) + 1 = INT(F52 / 8) + 1, INT(F52 / 8) + 1, INT(F52 / 8) + 1 & "-" & INT((F52 + G52 - 1) / 8) + 1) -> 137-139 | F52: =F51+G51 -> 1095 | G52: 11 | H52: 1 | I52: 0 | J52: 0 | K52: =(POWER(2,G52)-1)*H52+I52 -> 2047 | L52: 0 | M52: / | N52: =LEN(K52) -> 4 | P52: Rack采样信息,Rack Sampling Information;电芯电压[3,4,6] | Q52: Y | S52: ScCLVH_MinCellVIdxNbr | T52: / | U52: BSWSRackCellVMinPstn | V52: / | Y52: Min Cell Voltage Position 最小电芯电压位置
C53: RBMS_CellVAvg | D53: Average Cell Voltage (mV) 平均电芯电压 (mV) | E53: =IF(INT((F53 + G53-1) / 8) + 1 = INT(F53 / 8) + 1, INT(F53 / 8) + 1, INT(F53 / 8) + 1 & "-" & INT((F53 + G53 - 1) / 8) + 1) -> 139-140 | F53: =F52+G52 -> 1106 | G53: 14 | H53: 1 | I53: 0 | J53: 0 | K53: 5000 | L53: 0 | M53: mV | N53: =LEN(K53) -> 4 | P53: Rack采样信息,Rack Sampling Information;电芯电压[3,4,9] | Q53: Y | S53: ScCLVH_AvgCellVmV | T53: / | U53: BSWSRackCellVAvg | V53: / | Y53: Average Cell Voltage (mV) 平均电芯电压 (mV)
C54: RBMS_ModTmpMax | D54: Max Module Temp (℃) 最高电芯温度 (℃) | E54: =IF(INT((F54 + G54-1) / 8) + 1 = INT(F54 / 8) + 1, INT(F54 / 8) + 1, INT(F54 / 8) + 1 & "-" & INT((F54 + G54 - 1) / 8) + 1) -> 141-142 | F54: =F53+G53 -> 1120 | G54: 16 | H54: 0.1 | I54: -40 | J54: -40 | K54: 125.1 | L54: 0 | M54: ℃ | N54: =LEN(K54) -> 5 | P54: Rack采样信息,Rack Sampling Information;电芯温度[3,6,2] | Q54: Y | S54: ScCLTH_MaxCellTDegC | T54: / | U54: BSWSRackModTmpMax | V54: / | Y54: Max Cell Temp (℃) 最高电芯温度 (℃)
C55: Reserved4 | D55: Reserved4 预留占位4 | E55: =IF(INT((F55 + G55-1) / 8) + 1 = INT(F55 / 8) + 1, INT(F55 / 8) + 1, INT(F55 / 8) + 1 & "-" & INT((F55 + G55 - 1) / 8) + 1) -> 143 | F55: =F54+G54 -> 1136 | G55: 8 | H55: 1 | I55: 0 | J55: 0 | K55: =(POWER(2,G55)-1)*H55+I55 -> 255 | L55: 0 | M55: / | N55: 0 | S55: / | T55: / | U55: / | V55: / | Y55: Reserved4 预留占位4
C56: RBMS_ModTmpMin | D56: Min Cell Temp (℃) 最低电芯温度 (℃) | E56: =IF(INT((F56 + G56-1) / 8) + 1 = INT(F56 / 8) + 1, INT(F56 / 8) + 1, INT(F56 / 8) + 1 & "-" & INT((F56 + G56 - 1) / 8) + 1) -> 144-145 | F56: =F55+G55 -> 1144 | G56: 16 | H56: 0.1 | I56: -40 | J56: -40 | K56: 125.1 | L56: 0 | M56: ℃ | N56: =LEN(K56) -> 5 | P56: Rack采样信息,Rack Sampling Information;电芯温度[3,6,6] | Q56: Y | S56: ScCLTH_MinCellTDegC | T56: / | U56: BSWSRackModTmpMin | V56: / | Y56: Min Cell Temp (℃) 最低电芯温度 (℃)
C57: RBMS_MCURstRsnFltNbr | D57: Fault Causes Leading to MCU Reset 导致MCU复位的故障原因 | E57: =IF(INT((F57 + G57-1) / 8) + 1 = INT(F57 / 8) + 1, INT(F57 / 8) + 1, INT(F57 / 8) + 1 & "-" & INT((F57 + G57 - 1) / 8) + 1) -> 146 | F57: =F56+G56 -> 1160 | G57: 8 | H57: 1 | I57: 0 | J57: 0 | K57: =(POWER(2,G57)-1)*H57+I57 -> 255 | L57: 0 | M57: Nbr | N57: =LEN(K57) -> 3 | O57: Bit0[0]: CPU Power-On Self-Test;MCU内部的CPU上电自检 Signal; 0X0-Nomal; 0X1-Fault; Bit1[0]: Periodic CPU Self-Test;MCU内部的CPU周期性自检 Signal; 0X0-Nomal; 0X1-Fault; Bit2[0]: RAM Test;RAM检测(ECC+寻址) Signal; 0X0-Nomal; 0X1-Fault; Bit3[0]: FLASH Test;FLASH检测(ECC+寻址) Signal; 0X0-Nomal; 0X1-Fault; Bit4[0]: Power supply/Clock/Interrupt/Timer/Register Configuration Readback Test;电源检测、时钟检测、中断检测、Timer检测、系统关键寄存器配置回读检测 Signal; 0X0-Nomal; 0X1-Fault; Bit5[0]: Over-Temperature Detection for MCU Chip;MCU芯片过温检测 Signal; 0X0-Nomal; 0X1-Fault; Bit6[0]: Control-Flow Detection;控制流检测 Signal; 0X0-Nomal; 0X1-Fault; Bit7[0]: Hardfault Process;Hardfault处理 Signal; 0X0-Nomal; 0X1-Fault; | P57: Rack状态,Rack Status;系统信息[1,1,12] | S57: BSWSMCURstFltRsnNbr | T57: / | U57: / | V57: / | Y57: Fault Causes Leading to MCU Reset 导致MCU复位的故障原因
C58: RBMS_ModTmpAvg | D58: Average Cell Temp (℃) 平均电芯温度 (℃) | E58: =IF(INT((F58 + G58-1) / 8) + 1 = INT(F58 / 8) + 1, INT(F58 / 8) + 1, INT(F58 / 8) + 1 & "-" & INT((F58 + G58 - 1) / 8) + 1) -> 147-148 | F58: =F57+G57 -> 1168 | G58: 16 | H58: 0.1 | I58: -40 | J58: -40 | K58: 125.1 | L58: 0 | M58: ℃ | N58: =LEN(K58) -> 5 | P58: Rack采样信息,Rack Sampling Information;电芯温度[3,6,10] | Q58: Y | S58: ScCLTH_AvgCellTDegC | T58: / | U58: BSWSRackModTmpAvg | V58: / | Y58: Average Cell Temp (℃) 平均电芯温度 (℃)
C59: RBMS_MaxPoleTDegC | D59: Max Pole Temp (℃) 最高极柱温度 (℃) | E59: =IF(INT((F59 + G59-1) / 8) + 1 = INT(F59 / 8) + 1, INT(F59 / 8) + 1, INT(F59 / 8) + 1 & "-" & INT((F59 + G59 - 1) / 8) + 1) -> 149-150 | F59: =F58+G58 -> 1184 | G59: 16 | H59: 0.1 | I59: -40 | J59: -40 | K59: 125.1 | L59: 0 | M59: ℃ | N59: =LEN(K59) -> 5 | P59: Rack采样信息,Rack Sampling Information;极柱温度[3,7,1] | Q59: Y | S59: ScCLTH_MaxPoleTDegC | T59: / | U59: BSWSRackMaxPoleTDegC | V59: / | Y59: Max Pole Temp (℃) 最高极柱温度 (℃)
C60: RBMS_MaxPoleTIdxNbr | D60: Max Pole Temp Position 最高极柱温度位置 | E60: =IF(INT((F60 + G60-1) / 8) + 1 = INT(F60 / 8) + 1, INT(F60 / 8) + 1, INT(F60 / 8) + 1 & "-" & INT((F60 + G60 - 1) / 8) + 1) -> 151 | F60: =F59+G59 -> 1200 | G60: 8 | H60: 1 | I60: 0 | J60: 0 | K60: =(POWER(2,G60)-1)*H60+I60 -> 255 | L60: 0 | M60: / | N60: =LEN(K60) -> 3 | P60: Rack采样信息,Rack Sampling Information;极柱温度[3,7,2] | Q60: Y | S60: ScCLTH_MaxPoleTIdxNbr | T60: / | V60: / | Y60: Max Pole Temp Position 最高极柱温度位置
C61: RBMS_MinPoleTDegC | D61: Min Pole Temp (℃) 最低极柱温度 (℃) | E61: =IF(INT((F61 + G61-1) / 8) + 1 = INT(F61 / 8) + 1, INT(F61 / 8) + 1, INT(F61 / 8) + 1 & "-" & INT((F61 + G61 - 1) / 8) + 1) -> 152-153 | F61: =F60+G60 -> 1208 | G61: 16 | H61: 0.1 | I61: -40 | J61: -40 | K61: 125.1 | L61: 0 | M61: ℃ | N61: =LEN(K61) -> 5 | P61: Rack采样信息,Rack Sampling Information;极柱温度[3,7,5] | Q61: Y | S61: ScCLTH_MinPoleTDegC | T61: / | U61: BSWSRackMinPoleTDegC | V61: / | Y61: Min Pole Temp (℃) 最低极柱温度 (℃)
C62: RBMS_MinPoleTIdxNbr | D62: Min Pole Temp Position 最低极柱温度位置 | E62: =IF(INT((F62 + G62-1) / 8) + 1 = INT(F62 / 8) + 1, INT(F62 / 8) + 1, INT(F62 / 8) + 1 & "-" & INT((F62 + G62 - 1) / 8) + 1) -> 154 | F62: =F61+G61 -> 1224 | G62: 8 | H62: 1 | I62: 0 | J62: 0 | K62: =(POWER(2,G62)-1)*H62+I62 -> 255 | L62: 0 | M62: / | N62: =LEN(K62) -> 3 | P62: Rack采样信息,Rack Sampling Information;极柱温度[3,7,6] | Q62: Y | S62: ScCLTH_MinPoleTIdxNbr | T62: / | V62: / | Y62: Min Pole Temp Position 最低极柱温度位置
C63: RBMS_MaxPoleTMdulIdxNbr | D63: Max Pole Temp Module Position 最高极柱温度模组位置 | E63: =IF(INT((F63 + G63-1) / 8) + 1 = INT(F63 / 8) + 1, INT(F63 / 8) + 1, INT(F63 / 8) + 1 & "-" & INT((F63 + G63 - 1) / 8) + 1) -> 155 | F63: =F62+G62 -> 1232 | G63: 8 | H63: 1 | I63: 0 | J63: 0 | K63: =(POWER(2,G63)-1)*H63+I63 -> 255 | L63: 0 | M63: / | N63: =LEN(K63) -> 3 | P63: Rack采样信息,Rack Sampling Information;极柱温度[3,7,3] | S63: ScCLTH_MaxPoleTMdulIdxNbr | T63: / | U63: BSWSRackPoleTmpMaxMdulPstnNbr | V63: / | Y63: Max Pole Temp Module Position 最高极柱温度模组位置
C64: RBMS_MinPoleTMdulIdxNbr | D64: Min Pole Temp Module Position 最低极柱温度模组位置 | E64: =IF(INT((F64 + G64-1) / 8) + 1 = INT(F64 / 8) + 1, INT(F64 / 8) + 1, INT(F64 / 8) + 1 & "-" & INT((F64 + G64 - 1) / 8) + 1) -> 156 | F64: =F63+G63 -> 1240 | G64: 8 | H64: 1 | I64: 0 | J64: 0 | K64: =(POWER(2,G64)-1)*H64+I64 -> 255 | L64: 0 | M64: / | N64: =LEN(K64) -> 3 | P64: Rack采样信息,Rack Sampling Information;极柱温度[3,7,7] | S64: ScCLTH_MinPoleTMdulIdxNbr | T64: / | U64: BSWSRackPoleTmpMinMdulPstnNbr | V64: / | Y64: Min Pole Temp Module Position 最低极柱温度模组位置
C65: RBMS_AvgPoleTDegC | D65: Average Pole Temp (℃) 平均极柱温度 (℃) | E65: =IF(INT((F65 + G65-1) / 8) + 1 = INT(F65 / 8) + 1, INT(F65 / 8) + 1, INT(F65 / 8) + 1 & "-" & INT((F65 + G65 - 1) / 8) + 1) -> 157-158 | F65: =F64+G64 -> 1248 | G65: 16 | H65: 0.1 | I65: -40 | J65: -40 | K65: 125.1 | L65: 0 | M65: ℃ | N65: =LEN(K65) -> 5 | P65: Rack采样信息,Rack Sampling Information;极柱温度[3,7,9] | Q65: Y | S65: ScCLTH_AvgPoleTDegC | T65: / | U65: / | V65: / | Y65: Average Pole Temp (℃) 平均极柱温度 (℃)
C66: RBMS_CommType | D66: Communication Type 通讯类型 | E66: =IF(INT((F66 + G66-1) / 8) + 1 = INT(F66 / 8) + 1, INT(F66 / 8) + 1, INT(F66 / 8) + 1 & "-" & INT((F66 + G66 - 1) / 8) + 1) -> 159 | F66: =F65+G65 -> 1264 | G66: 8 | H66: 1 | I66: 0 | J66: 0 | K66: =(POWER(2,G66)-1)*H66+I66 -> 255 | L66: 0 | M66: Nbr | N66: =LEN(K66) -> 3 | O66: Enum 0X0: CAN 0X1: LAN | P66: Rack状态,Rack Status;系统信息[1,1,2] | Q66: Y | S66: ScEMCT_RBMS_CommType | T66: / | U66: / | V66: / | Y66: Communication Type 通讯类型
C67: RBMS_StrCtrlHb | D67: Rack BMS Heartbeat Rack BMS心跳信号 | E67: =IF(INT((F67 + G67-1) / 8) + 1 = INT(F67 / 8) + 1, INT(F67 / 8) + 1, INT(F67 / 8) + 1 & "-" & INT((F67 + G67 - 1) / 8) + 1) -> 160-161 | F67: =F66+G66 -> 1272 | G67: 16 | H67: 1 | I67: 0 | J67: 0 | K67: =(POWER(2,G67)-1)*H67+I67 -> 65535 | L67: 0 | M67: / | N67: =LEN(K67) -> 5 | P67: Rack状态,Rack Status;系统信息[1,1,1] | Q67: Y | R67: 0-65535 | S67: ScEMCT_RBMS_StrCtrlHb | T67: BSWSRackStrCtrlHb | U67: BSWSRackStrCtrlHb | V67: / | Y67: BMS Heartbeat BMS心跳信号
C68: RBMS_ResChAvlCapAh | D68: Remaining Charge Cap (Ah) 可充容量 (Ah) | E68: =IF(INT((F68 + G68-1) / 8) + 1 = INT(F68 / 8) + 1, INT(F68 / 8) + 1, INT(F68 / 8) + 1 & "-" & INT((F68 + G68 - 1) / 8) + 1) -> 162-163 | F68: =F67+G67 -> 1288 | G68: 16 | H68: 1 | I68: 0 | J68: 0 | K68: =(POWER(2,G68)-1)*H68+I68 -> 65535 | L68: 0 | M68: Ah | N68: =LEN(K68) -> 5 | P68: Rack SOX状态,Rack SOX Status;SOE[2,3,1] | Q68: Y | S68: ScEMCT_RBMS_ResChAvlCapAh | T68: / | U68: BSWSRackResChAvlCapAh | V68: / | Y68: Remaining Charge Cap (Ah) 可充容量 (Ah)
C69: RBMS_ResDischAvlCapAh | D69: Remaining Discharge Cap (Ah) 可放容量 (Ah) | E69: =IF(INT((F69 + G69-1) / 8) + 1 = INT(F69 / 8) + 1, INT(F69 / 8) + 1, INT(F69 / 8) + 1 & "-" & INT((F69 + G69 - 1) / 8) + 1) -> 164-165 | F69: =F68+G68 -> 1304 | G69: 16 | H69: 1 | I69: 0 | J69: 0 | K69: =(POWER(2,G69)-1)*H69+I69 -> 65535 | L69: 0 | M69: Ah | N69: =LEN(K69) -> 5 | P69: Rack SOX状态,Rack SOX Status;SOE[2,3,2] | Q69: Y | S69: ScEMCT_RBMS_ResDischAvlCapAh | T69: / | U69: BSWSRackResDischAvlCapAh | V69: / | Y69: Remaining Discharge Cap (Ah) 可放容量 (Ah)
C70: RBMS_LstFullChCapAh | D70: Rack Last Full-Charge Cap (Ah) 最近一次簇满充容量 (Ah) | E70: =IF(INT((F70 + G70-1) / 8) + 1 = INT(F70 / 8) + 1, INT(F70 / 8) + 1, INT(F70 / 8) + 1 & "-" & INT((F70 + G70 - 1) / 8) + 1) -> 166-167 | F70: =F69+G69 -> 1320 | G70: 16 | H70: 1 | I70: 0 | J70: 0 | K70: =(POWER(2,G70)-1)*H70+I70 -> 65535 | L70: 0 | M70: Ah | N70: =LEN(K70) -> 5 | P70: Rack历史信息,Rack History Information;最近一次[4,3,1] | S70: ScEMCT_RBMS_LstFullChCapAh | T70: / | U70: BSWSRackLstFullChCapAh | V70: / | Y70: Last Full-Charge Cap (Ah) 最近一次满充容量 (Ah)
C71: RBMS_LstFullDischCapAh | D71: Rack Last Full-Discharge Cap (Ah) 最近一次簇满放容量 (Ah) | E71: =IF(INT((F71 + G71-1) / 8) + 1 = INT(F71 / 8) + 1, INT(F71 / 8) + 1, INT(F71 / 8) + 1 & "-" & INT((F71 + G71 - 1) / 8) + 1) -> 168-169 | F71: =F70+G70 -> 1336 | G71: 16 | H71: 1 | I71: 0 | J71: 0 | K71: =(POWER(2,G71)-1)*H71+I71 -> 65535 | L71: 0 | M71: Ah | N71: =LEN(K71) -> 5 | P71: Rack历史信息,Rack History Information;最近一次[4,3,2] | S71: ScEMCT_RBMS_LstFullDischCapAh | T71: / | U71: BSWSRackLstFullDischCapAh | V71: / | Y71: Last Full-Discharge Cap (Ah) 最近一次满放容量 (Ah)
C72: RBMS_CycNbr | D72: Full Equiv Ch-Disch Cycles 等效完整充放电循环次数 | E72: =IF(INT((F72 + G72-1) / 8) + 1 = INT(F72 / 8) + 1, INT(F72 / 8) + 1, INT(F72 / 8) + 1 & "-" & INT((F72 + G72 - 1) / 8) + 1) -> 170-171 | F72: =F71+G71 -> 1352 | G72: 16 | H72: 1 | I72: 0 | J72: 0 | K72: =(POWER(2,G72)-1)*H72+I72 -> 65535 | L72: 0 | M72: / | N72: =LEN(K72) -> 5 | P72: Rack历史信息,Rack History Information;累计[4,2,1] | Q72: Y | S72: ScEMCT_RBMS_CycNbr | T72: / | U72: BSWSRackCycNbr | V72: / | Y72: Full Equiv Ch-Disch Cycles 等效完整充放电循环次数
C73: RBMS_MaxPoleTMdulInnerIdxNbr | D73: Max Pole Temp Module Inner Position 最高极柱温度模组内位置 | E73: =IF(INT((F73 + G73-1) / 8) + 1 = INT(F73 / 8) + 1, INT(F73 / 8) + 1, INT(F73 / 8) + 1 & "-" & INT((F73 + G73 - 1) / 8) + 1) -> 172 | F73: =F72+G72 -> 1368 | G73: 8 | H73: 1 | I73: 0 | J73: 0 | K73: =(POWER(2,G73)-1)*H73+I73 -> 255 | L73: 0 | M73: / | N73: 0 | P73: Rack采样信息,Rack Sampling Information;极柱温度[3,7,4] | S73: ScCLTH_MaxPoleTMdulInnerIdxNbr | T73: / | U73: BSWSRackPoleTmpMaxMdulInnerPstnNbr | V73: / | Y73: Max Pole Temp Module Inner Position 最高极柱温度模组内位置
C74: RBMS_MinPoleTMdulInnerIdxNbr | D74: Min Pole Temp Module Inner Position 最低极柱温度模组内位置 | E74: =IF(INT((F74 + G74-1) / 8) + 1 = INT(F74 / 8) + 1, INT(F74 / 8) + 1, INT(F74 / 8) + 1 & "-" & INT((F74 + G74 - 1) / 8) + 1) -> 173 | F74: =F73+G73 -> 1376 | G74: 8 | H74: 1 | I74: 0 | J74: 0 | K74: =(POWER(2,G74)-1)*H74+I74 -> 255 | L74: 0 | M74: / | N74: 0 | P74: Rack采样信息,Rack Sampling Information;极柱温度[3,7,8] | S74: ScCLTH_MinPoleTMdulInnerIdxNbr | T74: / | U74: BSWSRackPoleTmpMinMdulInnerPstnNbr | V74: / | Y74: Min Pole Temp Module Inner Position 最低极柱温度模组内位置
C75: RBMS_AFEChipTmpMax | D75: Max AFE Chip Temperature (℃) 最高AFE芯片温度 (℃) | E75: =IF(INT((F75 + G75-1) / 8) + 1 = INT(F75 / 8) + 1, INT(F75 / 8) + 1, INT(F75 / 8) + 1 & "-" & INT((F75 + G75 - 1) / 8) + 1) -> 174 | F75: =F74+G74 -> 1384 | G75: 8 | H75: 1 | I75: -40 | J75: -40 | K75: =(POWER(2,G75)-1)*H75+I75 -> 215 | L75: 0 | M75: ℃ | N75: =LEN(K75) -> 3 | P75: Rack采样信息,Rack Sampling Information;其他温度[3,5,2] | Q75: Y | S75: ScEMCT_RBMS_AFEChipTmpMax | T75: / | V75: / | Y75: Max AFE Chip Temperature (℃) 最高AFE芯片温度 (℃)
C76: RBMS_AFEChipTmpMin | D76: Min AFE Chip Temperature (℃) 最低AFE芯片温度 (℃) | E76: =IF(INT((F76 + G76-1) / 8) + 1 = INT(F76 / 8) + 1, INT(F76 / 8) + 1, INT(F76 / 8) + 1 & "-" & INT((F76 + G76 - 1) / 8) + 1) -> 175 | F76: =F75+G75 -> 1392 | G76: 8 | H76: 1 | I76: -40 | J76: -40 | K76: =(POWER(2,G76)-1)*H76+I76 -> 215 | L76: 0 | M76: ℃ | N76: =LEN(K76) -> 3 | P76: Rack采样信息,Rack Sampling Information;其他温度[3,5,3] | S76: ScEMCT_RBMS_AFEChipTmpMin | T76: / | V76: / | Y76: Min AFE Chip Temperature (℃) 最低AFE芯片温度 (℃)
C77: RBMS_MCURstRsnNbr | D77: MCU Reset Source MCU复位源 | E77: =IF(INT((F77 + G77-1) / 8) + 1 = INT(F77 / 8) + 1, INT(F77 / 8) + 1, INT(F77 / 8) + 1 & "-" & INT((F77 + G77 - 1) / 8) + 1) -> 176-177 | F77: =F76+G76 -> 1400 | G77: 16 | H77: 1 | I77: 0 | J77: 0 | K77: =(POWER(2,G77)-1)*H77+I77 -> 65535 | L77: 0 | M77: / | N77: =LEN(K77) -> 5 | O77: Enum 0xAA: Software Reset 0xBB: Power-On or Power-Down Reset 0xCC: CPU Reset 0xDD: BOR Reset 0xEE: Internal Watchdog Reset 0x55: Window Watchdog Reset | P77: Rack状态,Rack Status;系统信息[1,1,11] | S77: ScEMCT_RBMS_MCURstRsnNbr | T77: / | U77: BSWSRackMCURstRsnNbr | V77: / | Y77: MCU Reset Source MCU复位源
C78: RBMS_GenlVldFlg | D78: RBMS Sampling Validity Flag RBMS采样有效性标志 | E78: =IF(INT((F78 + G78-1) / 8) + 1 = INT(F78 / 8) + 1, INT(F78 / 8) + 1, INT(F78 / 8) + 1 & "-" & INT((F78 + G78 - 1) / 8) + 1) -> 178-179 | F78: =F77+G77 -> 1416 | G78: 16 | H78: 1 | I78: 0 | J78: 0 | K78: =(POWER(2,G78)-1)*H78+I78 -> 65535 | L78: 0 | M78: / | N78: =LEN(K78) -> 5 | O78: Bit0[1]: Cell Temperature General Validity;电芯温度概要有效性 Signal; 0X0-Invalid; 0X1-Valid; Bit1[1]: Cell Voltage General Validity;电芯电压概要有效性 Signal; 0X0-Invalid; 0X1-Valid; Bit2[1]: Battery Current Validity;簇电流有效性 Signal; 0X0-Invalid; 0X1-Valid; Bit3[0]: LinkPosVoltage Validity;LinkPos电压有效性 Signal; 0X0-Invalid; 0X1-Valid; Bit4[0]: Hv Box Temperature General Validity;高压箱温度概要有效性 Signal; 0X0-Invalid; 0X1-Valid; Bit5[0]: Pole Temperature General Validity;极柱温度概要有效性 Signal; 0X0-Invalid; 0X1-Valid; Bit6[0]: String Voltage Validity;电池串电压有效性 Signal; 0X0-Invalid; 0X1-Valid; | P78: Rack采样信息,Rack Sampling Information;其他[3,1,3] | Q78: Y | S78: (SbCLTH_GenlCellTVldFlg << 0) | (SbCLVH_GenlCellVVldFlg << 1) | (SbEMCT_RBMS_BatIVldFlg << 2) | (SbEMCT_RBMS_HvLnkPosVVldFlg << 3) | (SbCLTH_GenlHvBoxTVldFlg << 4) | (SbCLTH_GenlPoleTVldFlg << 5) | (SbEMCT_RBMS_HvBatVVldFlg << 6) | T78: / | U78: BSWSRackGenlVldFlg | V78: / | Y78: Sampling Validity 采样有效性
C79: RBMS_IslnFinalBatV | D79: Total Insulation Voltage (V) 绝缘总压 (V) | E79: =IF(INT((F79 + G79-1) / 8) + 1 = INT(F79 / 8) + 1, INT(F79 / 8) + 1, INT(F79 / 8) + 1 & "-" & INT((F79 + G79 - 1) / 8) + 1) -> 180-181 | F79: =F78+G78 -> 1432 | G79: 16 | H79: 1 | I79: 0 | J79: 0 | K79: =(POWER(2,G79)-1)*H79+I79 -> 65535 | L79: 0 | M79: V | N79: =LEN(K79) -> 5 | P79: Rack状态,Rack Status;绝缘信息[1,3,5] | S79: ScEMCT_RBMS_IslnFinalBatV | T79: / | U79: BSWSRackIslnFinalBatV | V79: / | Y79: Insulation Total Voltage (V) 绝缘总压 (V)
C80: RBMS_IslnFinalPosV | D80: Insulation Positive to GND Voltage (V) 绝缘正对地电压 (V) | E80: =IF(INT((F80 + G80-1) / 8) + 1 = INT(F80 / 8) + 1, INT(F80 / 8) + 1, INT(F80 / 8) + 1 & "-" & INT((F80 + G80 - 1) / 8) + 1) -> 182-183 | F80: =F79+G79 -> 1448 | G80: 16 | H80: 1 | I80: 0 | J80: 0 | K80: =(POWER(2,G80)-1)*H80+I80 -> 65535 | L80: 0 | M80: V | N80: =LEN(K80) -> 5 | P80: Rack状态,Rack Status;绝缘信息[1,3,6] | S80: ScEMCT_RBMS_IslnFinalPosV | T80: / | U80: BSWSRackIslnFinalPosV | V80: / | Y80: Insulation Positive to GND Voltage (V) 绝缘正对地电压 (V)
C81: RBMS_IslnFinalNegV | D81: Insulation Negative to GND Voltage (V) 绝缘负对地电压 (V) | E81: =IF(INT((F81 + G81-1) / 8) + 1 = INT(F81 / 8) + 1, INT(F81 / 8) + 1, INT(F81 / 8) + 1 & "-" & INT((F81 + G81 - 1) / 8) + 1) -> 184-185 | F81: =F80+G80 -> 1464 | G81: 16 | H81: 1 | I81: 0 | J81: 0 | K81: =(POWER(2,G81)-1)*H81+I81 -> 65535 | L81: 0 | M81: V | N81: =LEN(K81) -> 5 | P81: Rack状态,Rack Status;绝缘信息[1,3,7] | S81: ScEMCT_RBMS_IslnFinalNegV | T81: / | U81: BSWSRackIslnFinalNegV | V81: / | Y81: Insulation Negative to GND Voltage (V) 绝缘负对地电压 (V)
C82: RBMS_IslnMeastStState | D82: Insulation Measure Status 绝缘测量状态 | E82: =IF(INT((F82 + G82-1) / 8) + 1 = INT(F82 / 8) + 1, INT(F82 / 8) + 1, INT(F82 / 8) + 1 & "-" & INT((F82 + G82 - 1) / 8) + 1) -> 186-187 | F82: =F81+G81 -> 1480 | G82: 16 | H82: 1 | I82: 0 | J82: 0 | K82: =(POWER(2,G82)-1)*H82+I82 -> 65535 | L82: 0 | M82: / | N82: =LEN(K82) -> 5 | O82: Enum 0X0: Initial; 0X1: Pending; 0X2: Finished; 0X3: Inhibit; | P82: Rack状态,Rack Status;绝缘信息[1,3,1] | Q82: Y | S82: ScEMCT_RBMS_IslnMeastStState | T82: / | U82: BSWSRackIslnMeastStState | V82: / | Y82: Insulation Measure Status 绝缘测量状态
C83: RBMS_LstChEkWh | D83: Rack Last Charge Energy (kWh) 最近一次簇充电能量 (kWh) | E83: =IF(INT((F83 + G83-1) / 8) + 1 = INT(F83 / 8) + 1, INT(F83 / 8) + 1, INT(F83 / 8) + 1 & "-" & INT((F83 + G83 - 1) / 8) + 1) -> 188-189 | F83: =F82+G82 -> 1496 | G83: 16 | H83: 0.1 | I83: 0 | J83: 0 | K83: =(POWER(2,G83)-1)*H83+I83 -> 6553.5 | L83: 0 | M83: kWh | N83: =LEN(K83) -> 6 | P83: Rack历史信息,Rack History Information;最近一次[4,3,5] | Q83: Y | S83: ScEMCT_RBMS_LstChEkWh | T83: / | U83: BSWSRackLstChEkWh | V83: / | Y83: Last Charge Energy (kWh) 最近一次充电能量 (kWh)
C84: RBMS_LstDchEkWh | D84: Rack Last Discharge Energy (kWh) 最近一次簇放电能量 (kWh) | E84: =IF(INT((F84 + G84-1) / 8) + 1 = INT(F84 / 8) + 1, INT(F84 / 8) + 1, INT(F84 / 8) + 1 & "-" & INT((F84 + G84 - 1) / 8) + 1) -> 190-191 | F84: =F83+G83 -> 1512 | G84: 16 | H84: 0.1 | I84: 0 | J84: 0 | K84: =(POWER(2,G84)-1)*H84+I84 -> 6553.5 | L84: 0 | M84: kWh | N84: =LEN(K84) -> 6 | P84: Rack历史信息,Rack History Information;最近一次[4,3,6] | Q84: Y | S84: ScEMCT_RBMS_LstDchEkWh | T84: / | U84: BSWSRackLstDchEkWh | V84: / | Y84: Last Discharge Energy (kWh) 最近一次放电能量 (kWh)
C85: RBMS_BalBdTmpMax | D85: Max Balancing Board Temp (℃) 最高均衡板温 (℃) | E85: =IF(INT((F85 + G85-1) / 8) + 1 = INT(F85 / 8) + 1, INT(F85 / 8) + 1, INT(F85 / 8) + 1 & "-" & INT((F85 + G85 - 1) / 8) + 1) -> 192-193 | F85: =F84+G84 -> 1528 | G85: 16 | H85: 0.1 | I85: -40 | J85: -40 | K85: =(POWER(2,G85)-1)*H85+I85 -> 6513.5 | L85: 0 | M85: ℃ | N85: =LEN(K85) -> 6 | P85: Rack采样信息,Rack Sampling Information;其他温度[3,5,4] | Q85: Y | S85: ScCLTH_MaxPCBBdTDegC | T85: / | U85: / | V85: / | Y85: Max Balancing Board Temp (℃) 最高均衡板温 (℃)
C86: RBMS_RmngCellBalTiMax | D86: Max Balancing Remain Time (min) 最大剩余均衡时间 (min) | E86: =IF(INT((F86 + G86-1) / 8) + 1 = INT(F86 / 8) + 1, INT(F86 / 8) + 1, INT(F86 / 8) + 1 & "-" & INT((F86 + G86 - 1) / 8) + 1) -> 194-195 | F86: =F85+G85 -> 1544 | G86: 16 | H86: 1 | I86: 0 | J86: 0 | K86: =(POWER(2,G86)-1)*H86+I86 -> 65535 | L86: 0 | M86: Min | N86: =LEN(K86) -> 5 | P86: Rack状态,Rack Status;系统信息[1,1,10] | Q86: Y | S86: ScEMCT_RBMS_RmngCellBalTiMax | T86: / | V86: / | Y86: Max Remaining Balancing Time (min) 最大剩余均衡时间 (min)
C87: RBMS_RealSysSOHC | D87: Rack Real SOH (%) Rack真实SOH (%) | E87: =IF(INT((F87 + G87-1) / 8) + 1 = INT(F87 / 8) + 1, INT(F87 / 8) + 1, INT(F87 / 8) + 1 & "-" & INT((F87 + G87 - 1) / 8) + 1) -> 196-197 | F87: =F86+G86 -> 1560 | G87: 16 | H87: 0.01 | I87: 0 | J87: 0 | K87: =(POWER(2,G87)-1)*H87+I87 -> 655.35 | L87: 0 | M87: % | N87: =LEN(K87) -> 6 | P87: Rack SOX状态,Rack SOX Status;SOH[2,2,2] | S87: ScSOHA_RealSysSOHCPct | T87: / | U87: / | V87: / | Y87: Real SOH (%) 真实SOH (%)
C88: RBMS_RealSysCapAh | D88: Rack Max Available Capacity (Ah) 电池簇最大可用容量 (Ah) | E88: =IF(INT((F88 + G88-1) / 8) + 1 = INT(F88 / 8) + 1, INT(F88 / 8) + 1, INT(F88 / 8) + 1 & "-" & INT((F88 + G88 - 1) / 8) + 1) -> 198-199 | F88: =F87+G87 -> 1576 | G88: 16 | H88: 0.1 | I88: 0 | J88: 0 | K88: =(POWER(2,G88)-1)*H88+I88 -> 6553.5 | L88: 0 | M88: Ah | N88: =LEN(K88) -> 6 | P88: Rack SOX状态,Rack SOX Status;SOH[2,2,3] | Q88: Y | R88: songx0830：表格已有信号：替换名字为：RBMS_RealCellCapAh | S88: ScSOHA_RealSysCapAh_dbug | T88: / | U88: / | V88: / | Y88: Max Available Capacity (Ah) 最大可用容量 (Ah)
C89: RBMS_RealCellCapAh | D89: Min Cell Real Capacity (Ah) 最小电芯真实容量 (Ah) | E89: =IF(INT((F89 + G89-1) / 8) + 1 = INT(F89 / 8) + 1, INT(F89 / 8) + 1, INT(F89 / 8) + 1 & "-" & INT((F89 + G89 - 1) / 8) + 1) -> 200-201 | F89: =F88+G88 -> 1592 | G89: 16 | H89: 0.1 | I89: 0 | J89: 0 | K89: =(POWER(2,G89)-1)*H89+I89 -> 6553.5 | L89: 0 | M89: Ah | N89: =LEN(K89) -> 6 | P89: Rack SOX状态,Rack SOX Status;SOH[2,2,4] | R89: songx0830：是否需要考虑与RBMS_SysMinSOHC名称统一？ | S89: ScSOHA_RealSysCapAh_dbug | T89: / | U89: / | V89: / | Y89: Min Cell Real Capacity (Ah) 最小电芯真实容量 (Ah)
C90: RBMS_SysMaxSOC | D90: RBMS Max SOC (%) RBMS最大SOC (%) | E90: =IF(INT((F90 + G90-1) / 8) + 1 = INT(F90 / 8) + 1, INT(F90 / 8) + 1, INT(F90 / 8) + 1 & "-" & INT((F90 + G90 - 1) / 8) + 1) -> 202-203 | F90: =F89+G89 -> 1608 | G90: 16 | H90: 0.01 | I90: 0 | J90: 0 | K90: =(POWER(2,G90)-1)*H90+I90 -> 655.35 | L90: 0 | M90: % | N90: =LEN(K90) -> 6 | P90: Rack SOX状态,Rack SOX Status;SOC[2,1,3] | S90: ScEMCT_RBMS_SysMaxSOC | T90: / | U90: / | V90: / | Y90: Max Cell SOC (%) 最大电芯SOC (%)
C91: RBMS_SysMinSOC | D91: RBMS Min SOC (%) RBMS最小SOC (%) | E91: =IF(INT((F91 + G91-1) / 8) + 1 = INT(F91 / 8) + 1, INT(F91 / 8) + 1, INT(F91 / 8) + 1 & "-" & INT((F91 + G91 - 1) / 8) + 1) -> 204-205 | F91: =F90+G90 -> 1624 | G91: 16 | H91: 0.01 | I91: 0 | J91: 0 | K91: =(POWER(2,G91)-1)*H91+I91 -> 655.35 | L91: 0 | M91: % | N91: =LEN(K91) -> 6 | P91: Rack SOX状态,Rack SOX Status;SOC[2,1,4] | S91: ScEMCT_RBMS_SysMinSOC | T91: / | U91: / | V91: / | Y91: Min Cell SOC (%) 最小电芯SOC (%)
C92: RBMS_RealSysSOCPct | D92: Rack Real SOC (%) Rack真实SOC (%) | E92: =IF(INT((F92 + G92-1) / 8) + 1 = INT(F92 / 8) + 1, INT(F92 / 8) + 1, INT(F92 / 8) + 1 & "-" & INT((F92 + G92 - 1) / 8) + 1) -> 206-209 | F92: =F91+G91 -> 1640 | G92: 32 | H92: 0.01 | I92: 0 | J92: 0 | K92: 100 | L92: 0 | M92: % | N92: =LEN(K92) -> 3 | P92: Rack SOX状态,Rack SOX Status;SOC[2,1,2] | S92: ScSOCA_RealSysSOCPct_dbug | T92: / | U92: / | V92: / | Y92: Real SOC (%) 真实SOC (%)
C93: RBMS_AccuDisChrgAh2 | D93: Accu Discharge Cap (Ah) 累计放电容量 (Ah) | E93: =IF(INT((F93 + G93-1) / 8) + 1 = INT(F93 / 8) + 1, INT(F93 / 8) + 1, INT(F93 / 8) + 1 & "-" & INT((F93 + G93 - 1) / 8) + 1) -> 210-213 | F93: =F92+G92 -> 1672 | G93: 32 | H93: 0.0625 | I93: 0 | J93: 0 | K93: =(POWER(2,G93)-1)*H93+I93 -> 2.6843546e+08 | L93: 0 | M93: Ah | N93: =LEN(K93) -> 14 | P93: Rack历史信息,Rack History Information;累计[4,2,3] | Q93: Y | R93: 三级板A核算法需求高精度容量 | S93: ScHIST_HistAccuDischCapAh | T93: / | U93: / | V93: / | Y93: Accu Discharge Cap (Ah) 累计放电容量 (Ah)
C94: RBMS_AccuDisChrgkWh2 | D94: Accu Discharge Eng (kWh) 累计放电能量 (kWh) | E94: =IF(INT((F94 + G94-1) / 8) + 1 = INT(F94 / 8) + 1, INT(F94 / 8) + 1, INT(F94 / 8) + 1 & "-" & INT((F94 + G94 - 1) / 8) + 1) -> 214-217 | F94: =F93+G93 -> 1704 | G94: 32 | H94: 0.0625 | I94: 0 | J94: 0 | K94: =(POWER(2,G94)-1)*H94+I94 -> 2.6843546e+08 | L94: 0 | M94: kWh | N94: =LEN(K94) -> 14 | P94: Rack历史信息,Rack History Information;累计[4,2,5] | Q94: Y | R94: 上位机显示 | S94: ScHIST_HistAccuDischEngKwh | T94: / | U94: / | V94: / | Y94: Accu Discharge Eng (kWh) 累计放电能量 (kWh)
C95: RBMS_AccuChrgAh2 | D95: Accu Charge Cap (Ah) 累计充电容量 (Ah) | E95: =IF(INT((F95 + G95-1) / 8) + 1 = INT(F95 / 8) + 1, INT(F95 / 8) + 1, INT(F95 / 8) + 1 & "-" & INT((F95 + G95 - 1) / 8) + 1) -> 218-221 | F95: =F94+G94 -> 1736 | G95: 32 | H95: 0.0625 | I95: 0 | J95: 0 | K95: =(POWER(2,G95)-1)*H95+I95 -> 2.6843546e+08 | L95: 0 | M95: Ah | N95: =LEN(K95) -> 14 | P95: Rack历史信息,Rack History Information;累计[4,2,2] | Q95: Y | R95: 三级板A核算法需求高精度容量 | S95: ScHIST_HistAccuChCapAh | T95: / | U95: / | V95: / | Y95: Accu Charge Cap (Ah) 累计充电容量 (Ah)
C96: RBMS_AccuChrgkWh2 | D96: Accu Charge Eng (kWh) 累计充电能量 (kWh) | E96: =IF(INT((F96 + G96-1) / 8) + 1 = INT(F96 / 8) + 1, INT(F96 / 8) + 1, INT(F96 / 8) + 1 & "-" & INT((F96 + G96 - 1) / 8) + 1) -> 222-225 | F96: =F95+G95 -> 1768 | G96: 32 | H96: 0.0625 | I96: 0 | J96: 0 | K96: =(POWER(2,G96)-1)*H96+I96 -> 2.6843546e+08 | L96: 0 | M96: kWh | N96: =LEN(K96) -> 14 | P96: Rack历史信息,Rack History Information;累计[4,2,4] | Q96: Y | R96: 上位机显示 | S96: ScHIST_HistAccuChEngKwh | T96: / | U96: / | V96: / | Y96: Accu Charge Eng (kWh) 累计充电能量 (kWh)
C97: RBMS_BMSMaxFltLevel | D97: Rack Fault Level Rack故障等级 | E97: =IF(INT((F97 + G97-1) / 8) + 1 = INT(F97 / 8) + 1, INT(F97 / 8) + 1, INT(F97 / 8) + 1 & "-" & INT((F97 + G97 - 1) / 8) + 1) -> 226 | F97: =F96+G96 -> 1800 | G97: 8 | H97: 1 | I97: 0 | J97: 0 | K97: =(POWER(2,G97)-1)*H97+I97 -> 255 | L97: 0 | M97: / | N97: =LEN(K97) -> 3 | O97: Enum 0X1: Level 1 Fault; 0X2: Level 2 Fault; 0X3: Level 3 Fault; 0X7: No Fault; | P97: Rack状态,Rack Status;系统信息[1,1,4] | Q97: Y | S97: ScEMCT_RBMS_BMSMaxFltLevel | T97: / | U97: BSWSRackBMSMaxFltLevel | V97: / | Y97: Fault Level 故障等级
C98: RBMS_MaxCellVMdulTDegC | D98: Max Voltage Cell Temp (℃) 最大电压电芯对应温度 (℃) | E98: =IF(INT((F98 + G98-1) / 8) + 1 = INT(F98 / 8) + 1, INT(F98 / 8) + 1, INT(F98 / 8) + 1 & "-" & INT((F98 + G98 - 1) / 8) + 1) -> 227-228 | F98: =F97+G97 -> 1808 | G98: 16 | H98: 0.1 | I98: -40 | J98: -40 | K98: 125.1 | L98: 0 | M98: ℃ | N98: =LEN(K98) -> 5 | P98: Rack采样信息,Rack Sampling Information;其他温度[3,5,6] | R98: songx0830：新增SOCA/SOHA算法输入信号 | S98: ScCLTH_MaxCellVMdulTDegC | T98: / | U98: / | V98: / | Y98: Max Cell Voltage Module Temp (℃) 最大电压电芯模组温度 (℃)
C99: RBMS_MinCellVMdulTDegC | D99: Min Voltage Cell Temp (℃) 最小电压电芯对应温度 (℃) | E99: =IF(INT((F99 + G99-1) / 8) + 1 = INT(F99 / 8) + 1, INT(F99 / 8) + 1, INT(F99 / 8) + 1 & "-" & INT((F99 + G99 - 1) / 8) + 1) -> 229-230 | F99: =F98+G98 -> 1824 | G99: 16 | H99: 0.1 | I99: -40 | J99: -40 | K99: 125.1 | L99: 0 | M99: ℃ | N99: =LEN(K99) -> 5 | P99: Rack采样信息,Rack Sampling Information;其他温度[3,5,8] | R99: songx0830：新增SOCA/SOHA算法输入信号 | S99: ScCLTH_MinCellVMdulTDegC | T99: / | U99: / | V99: / | Y99: Min Cell Voltage Module Temp (℃) 最小电压电芯模组温度 (℃)
C100: RBMS_MaxCellVMdulTVldFlg | D100: Max Voltage Cell Temp Validity 最大电压电芯温度有效性 | E100: =IF(INT((F100 + G100-1) / 8) + 1 = INT(F100 / 8) + 1, INT(F100 / 8) + 1, INT(F100 / 8) + 1 & "-" & INT((F100 + G100 - 1) / 8) + 1) -> 231 | F100: =F99+G99 -> 1840 | G100: 8 | H100: 1 | I100: 0 | J100: 0 | K100: =(POWER(2,G100)-1)*H100+I100 -> 255 | L100: 0 | M100: flg | N100: =LEN(K100) -> 3 | O100: Enum 0X0: Invalid; 0X1: Valid; | P100: Rack采样信息,Rack Sampling Information;其他温度[3,5,7] | R100: songx0830：新增SOCA/SOHA算法输入信号 | S100: SbCLTH_MaxCellVMdulTVldFlg | T100: / | U100: / | V100: / | Y100: Max Cell Voltage Module Temp Validity 最大电压电芯模组温度有效性
...

Sheet Device ID
A1: 设备类型 | B1: 主节点号 | C1: 子节点号
A2: Broadcast | B2: 0x00 | C2: 0
A3: HMI & BBMS_A | B3: 0x01 | C3: 0
A4: HMI | B4: 0x01 | C4: 1
A5: BBMS_A | B5: 0x01 | C5: 2
A6: BBMS_M | B6: 0x03 | C6: 1
A7: RBMS | B7: 0x04 | C7: N
A8: Active_Balance | B8: 0x05 | C8: N

Sheet SSD Store Calculation
A1: ='Message ID'!A1 -> Message Name | B1: ='Message ID'!D1 -> Periodic Time (ms) | C1: ='Message ID'!Q1 -> BBMS_A Store | D1: CSV Store Length(Byte) | E1: Rack Nbr | F1: Data RAM KB/Day | G1: Comma Nbr | H1: Comma RAM KB/Day | I1: LogTime RAM KB/Day
A2: ='Message ID'!A2 -> RBMS_SumInfo | B2: ='Message ID'!D2 -> 1000 | C2: ='Message ID'!Q2 -> 1 | D2: =VLOOKUP(A2,'Comm Matrix'!A:N,14,FALSE) -> 765 | E2: =IF(OR(ISNUMBER(SEARCH("RBMS", A2)), ISNUMBER(SEARCH("Para", A2))), $F$54, 1) -> 12 | F2: =IF(C2=1,D2*E2*60*60*24*C2/(B2/1000),0)/1024 -> 774562.5 | G2: {=MATCH(FALSE, INDEX(TRIM(INDIRECT("'Comm Matrix'!G" & (MATCH(A2,'Comm Matrix'!A:A,0)+1) & ":G1000"))<>"", 0), 0)-1} -> 137 | H2: =IF(C2=1,G2*E2*60*60*24*C2/(B2/1000),0)/1024 -> 138712.5 | I2: =IF(C2=1,19*E2*60*60*24*C2/(B2/1000),0)/1024 -> 19237.5
A3: ='Message ID'!A4 -> RBMS_Volt | B3: ='Message ID'!D4 -> 1000 | C3: ='Message ID'!Q4 -> 1 | D3: =VLOOKUP(A3,'Comm Matrix'!A:N,14,FALSE) -> 2400 | E3: =IF(OR(ISNUMBER(SEARCH("RBMS", A3)), ISNUMBER(SEARCH("Para", A3))), $F$54, 1) -> 12 | F3: =IF(C3=1,D3*E3*60*60*24*C3/(B3/1000),0)/1024 -> 2430000 | G3: =416+416+32 -> 864 | H3: =IF(C3=1,G3*E3*60*60*24*C3/(B3/1000),0)/1024 -> 874800 | I3: =IF(C3=1,19*E3*60*60*24*C3/(B3/1000),0)/1024 -> 19237.5
A4: ='Message ID'!A5 -> RBMS_Temp | B4: ='Message ID'!D5 -> 1000 | C4: ='Message ID'!Q5 -> 1 | D4: =VLOOKUP(A4,'Comm Matrix'!A:N,14,FALSE) -> 2672 | E4: =IF(OR(ISNUMBER(SEARCH("RBMS", A4)), ISNUMBER(SEARCH("Para", A4))), $F$54, 1) -> 12 | F4: =IF(C4=1,D4*E4*60*60*24*C4/(B4/1000),0)/1024 -> 2705400 | G4: =416+64+16+32+32 -> 560 | H4: =IF(C4=1,G4*E4*60*60*24*C4/(B4/1000),0)/1024 -> 567000 | I4: =IF(C4=1,19*E4*60*60*24*C4/(B4/1000),0)/1024 -> 19237.5
A5: ='Message ID'!A6 -> RBMS_CellBalSt | B5: ='Message ID'!D6 -> 10000 | C5: ='Message ID'!Q6 -> 1 | D5: =VLOOKUP(A5,'Comm Matrix'!A:N,14,FALSE) -> 416 | E5: =IF(OR(ISNUMBER(SEARCH("RBMS", A5)), ISNUMBER(SEARCH("Para", A5))), $F$54, 1) -> 12 | F5: =IF(C5=1,D5*E5*60*60*24*C5/(B5/1000),0)/1024 -> 42120 | G5: =416 -> 416 | H5: =IF(C5=1,G5*E5*60*60*24*C5/(B5/1000),0)/1024 -> 42120 | I5: =IF(C5=1,19*E5*60*60*24*C5/(B5/1000),0)/1024 -> 1923.75
A6: ='Message ID'!A7 -> RBMS_CellSdr | B6: ='Message ID'!D7 -> 30000 | C6: ='Message ID'!Q7 -> 0 | D6: =VLOOKUP(A6,'Comm Matrix'!A:N,14,FALSE) -> 2080 | E6: =IF(OR(ISNUMBER(SEARCH("RBMS", A6)), ISNUMBER(SEARCH("Para", A6))), $F$54, 1) -> 12 | F6: =IF(C6=1,D6*E6*60*60*24*C6/(B6/1000),0)/1024 -> 0 | G6: =416 -> 416 | H6: =IF(C6=1,G6*E6*60*60*24*C6/(B6/1000),0)/1024 -> 0 | I6: =IF(C6=1,19*E6*60*60*24*C6/(B6/1000),0)/1024 -> 0
A7: ='Message ID'!A8 -> RBMS_Fault | B7: ='Message ID'!D8 -> 1000 | C7: ='Message ID'!Q8 -> 1 | D7: =VLOOKUP(A7,'Comm Matrix'!A:N,14,FALSE) -> 200 | E7: =IF(OR(ISNUMBER(SEARCH("RBMS", A7)), ISNUMBER(SEARCH("Para", A7))), $F$54, 1) -> 12 | F7: =IF(C7=1,D7*E7*60*60*24*C7/(B7/1000),0)/1024 -> 202500 | G7: =200 -> 200 | H7: =IF(C7=1,G7*E7*60*60*24*C7/(B7/1000),0)/1024 -> 202500 | I7: =IF(C7=1,19*E7*60*60*24*C7/(B7/1000),0)/1024 -> 19237.5
A8: ='Message ID'!A9 -> BBMS_SumInfo | B8: ='Message ID'!D9 -> 1000 | C8: ='Message ID'!Q9 -> 1 | D8: =VLOOKUP(A8,'Comm Matrix'!A:N,14,FALSE) -> 388 | E8: =IF(OR(ISNUMBER(SEARCH("RBMS", A8)), ISNUMBER(SEARCH("Para", A8))), $F$54, 1) -> 1 | F8: =IF(C8=1,D8*E8*60*60*24*C8/(B8/1000),0)/1024 -> 32737.5 | G8: {=MATCH(FALSE, INDEX(TRIM(INDIRECT("'Comm Matrix'!G" & (MATCH(A8,'Comm Matrix'!A:A,0)+1) & ":G1000"))<>"", 0), 0)-1} -> 87 | H8: =IF(C8=1,G8*E8*60*60*24*C8/(B8/1000),0)/1024 -> 7340.625 | I8: =IF(C8=1,19*E8*60*60*24*C8/(B8/1000),0)/1024 -> 1603.125
A9: ='Message ID'!A11 -> BBMS_Fault | B9: ='Message ID'!D11 -> 1000 | C9: ='Message ID'!Q11 -> 1 | D9: =VLOOKUP(A9,'Comm Matrix'!A:N,14,FALSE) -> 202 | E9: =IF(OR(ISNUMBER(SEARCH("RBMS", A9)), ISNUMBER(SEARCH("Para", A9))), $F$54, 1) -> 1 | F9: =IF(C9=1,D9*E9*60*60*24*C9/(B9/1000),0)/1024 -> 17043.75 | G9: =200 -> 200 | H9: =IF(C9=1,G9*E9*60*60*24*C9/(B9/1000),0)/1024 -> 16875 | I9: =IF(C9=1,19*E9*60*60*24*C9/(B9/1000),0)/1024 -> 1603.125
A10: ='Message ID'!A12 -> BBMS_CtlWord | B10: ='Message ID'!D12 -> 1000 | C10: ='Message ID'!Q12 -> 0 | D10: =VLOOKUP(A10,'Comm Matrix'!A:N,14,FALSE) -> 22 | E10: =IF(OR(ISNUMBER(SEARCH("RBMS", A10)), ISNUMBER(SEARCH("Para", A10))), $F$54, 1) -> 1 | F10: =IF(C10=1,D10*E10*60*60*24*C10/(B10/1000),0)/1024 -> 0 | G10: {=MATCH(FALSE, INDEX(TRIM(INDIRECT("'Comm Matrix'!G" & (MATCH(A10,'Comm Matrix'!A:A,0)+1) & ":G1000"))<>"", 0), 0)-1} -> 11 | H10: =IF(C10=1,G10*E10*60*60*24*C10/(B10/1000),0)/1024 -> 0 | I10: =IF(C10=1,19*E10*60*60*24*C10/(B10/1000),0)/1024 -> 0
A11: ='Message ID'!A13 -> BBMS_CtlWord | B11: ='Message ID'!D13 -> 1000 | C11: ='Message ID'!Q13 -> 1 | D11: =VLOOKUP(A11,'Comm Matrix'!A:N,14,FALSE) -> 22 | E11: 12 | F11: =IF(C11=1,D11*E11*60*60*24*C11/(B11/1000),0)/1024 -> 22275 | G11: {=MATCH(FALSE, INDEX(TRIM(INDIRECT("'Comm Matrix'!G" & (MATCH(A11,'Comm Matrix'!A:A,0)+1) & ":G1000"))<>"", 0), 0)-1} -> 11 | H11: =IF(C11=1,G11*E11*60*60*24*C11/(B11/1000),0)/1024 -> 11137.5 | I11: =IF(C11=1,19*E11*60*60*24*C11/(B11/1000),0)/1024 -> 19237.5
A12: ='Message ID'!A14 -> HMI_CtlWord | B12: ='Message ID'!D14 -> / | C12: ='Message ID'!Q14 -> 0 | D12: =VLOOKUP(A12,'Comm Matrix'!A:N,14,FALSE) -> 23 | E12: =IF(OR(ISNUMBER(SEARCH("RBMS", A12)), ISNUMBER(SEARCH("Para", A12))), $F$54, 1) -> 1 | F12: =IF(C12=1,D12*E12*60*60*24*C12/(B12/1000),0)/1024 -> 0 | G12: {=MATCH(FALSE, INDEX(TRIM(INDIRECT("'Comm Matrix'!G" & (MATCH(A12,'Comm Matrix'!A:A,0)+1) & ":G1000"))<>"", 0), 0)-1} -> 14 | H12: =IF(C12=1,G12*E12*60*60*24*C12/(B12/1000),0)/1024 -> 0 | I12: =IF(C12=1,19*E12*60*60*24*C12/(B12/1000),0)/1024 -> 0
A13: ='Message ID'!A15 -> HMI_TMSCtrlWord | B13: ='Message ID'!D15 -> / | C13: ='Message ID'!Q15 -> 0 | D13: =VLOOKUP(A13,'Comm Matrix'!A:N,14,FALSE) -> 13 | E13: =IF(OR(ISNUMBER(SEARCH("RBMS", A13)), ISNUMBER(SEARCH("Para", A13))), $F$54, 1) -> 1 | F13: =IF(C13=1,D13*E13*60*60*24*C13/(B13/1000),0)/1024 -> 0 | G13: {=MATCH(FALSE, INDEX(TRIM(INDIRECT("'Comm Matrix'!G" & (MATCH(A13,'Comm Matrix'!A:A,0)+1) & ":G1000"))<>"", 0), 0)-1} -> 4 | H13: =IF(C13=1,G13*E13*60*60*24*C13/(B13/1000),0)/1024 -> 0 | I13: =IF(C13=1,19*E13*60*60*24*C13/(B13/1000),0)/1024 -> 0
A14: ='Message ID'!A16 -> HMI_TMSCtrlWord | B14: ='Message ID'!D16 -> / | C14: ='Message ID'!Q16 -> 0 | D14: =VLOOKUP(A14,'Comm Matrix'!A:N,14,FALSE) -> 13 | E14: 12 | F14: =IF(C14=1,D14*E14*60*60*24*C14/(B14/1000),0)/1024 -> 0 | G14: {=MATCH(FALSE, INDEX(TRIM(INDIRECT("'Comm Matrix'!G" & (MATCH(A14,'Comm Matrix'!A:A,0)+1) & ":G1000"))<>"", 0), 0)-1} -> 4 | H14: =IF(C14=1,G14*E14*60*60*24*C14/(B14/1000),0)/1024 -> 0 | I14: =IF(C14=1,19*E14*60*60*24*C14/(B14/1000),0)/1024 -> 0
A15: ='Message ID'!A17 -> HMI_BankDOCtrl | B15: ='Message ID'!D17 -> / | C15: ='Message ID'!Q17 -> 0 | D15: =VLOOKUP(A15,'Comm Matrix'!A:N,14,FALSE) -> 1 | E15: =IF(OR(ISNUMBER(SEARCH("RBMS", A15)), ISNUMBER(SEARCH("Para", A15))), $F$54, 1) -> 1 | F15: =IF(C15=1,D15*E15*60*60*24*C15/(B15/1000),0)/1024 -> 0 | G15: {=MATCH(FALSE, INDEX(TRIM(INDIRECT("'Comm Matrix'!G" & (MATCH(A15,'Comm Matrix'!A:A,0)+1) & ":G1000"))<>"", 0), 0)-1} -> 1 | H15: =IF(C15=1,G15*E15*60*60*24*C15/(B15/1000),0)/1024 -> 0 | I15: =IF(C15=1,19*E15*60*60*24*C15/(B15/1000),0)/1024 -> 0
A16: ='Message ID'!A18 -> HMI_RackCaliCtrl | B16: ='Message ID'!D18 -> / | C16: ='Message ID'!Q18 -> 0 | D16: =VLOOKUP(A16,'Comm Matrix'!A:N,14,FALSE) -> 42 | E16: =IF(OR(ISNUMBER(SEARCH("RBMS", A16)), ISNUMBER(SEARCH("Para", A16))), $F$54, 1) -> 1 | F16: =IF(C16=1,D16*E16*60*60*24*C16/(B16/1000),0)/1024 -> 0 | G16: {=MATCH(FALSE, INDEX(TRIM(INDIRECT("'Comm Matrix'!G" & (MATCH(A16,'Comm Matrix'!A:A,0)+1) & ":G1000"))<>"", 0), 0)-1} -> 11 | H16: =IF(C16=1,G16*E16*60*60*24*C16/(B16/1000),0)/1024 -> 0 | I16: =IF(C16=1,19*E16*60*60*24*C16/(B16/1000),0)/1024 -> 0
A17: ='Message ID'!A19 -> HMI_RBMSRlyCtrl | B17: ='Message ID'!D19 -> / | C17: ='Message ID'!Q19 -> 0 | D17: =VLOOKUP(A17,'Comm Matrix'!A:N,14,FALSE) -> 7 | E17: =IF(OR(ISNUMBER(SEARCH("RBMS", A17)), ISNUMBER(SEARCH("Para", A17))), $F$54, 1) -> 12 | F17: =IF(C17=1,D17*E17*60*60*24*C17/(B17/1000),0)/1024 -> 0 | G17: {=MATCH(FALSE, INDEX(TRIM(INDIRECT("'Comm Matrix'!G" & (MATCH(A17,'Comm Matrix'!A:A,0)+1) & ":G1000"))<>"", 0), 0)-1} -> 3 | H17: =IF(C17=1,G17*E17*60*60*24*C17/(B17/1000),0)/1024 -> 0 | I17: =IF(C17=1,19*E17*60*60*24*C17/(B17/1000),0)/1024 -> 0
A18: ='Message ID'!A20 -> TMS_SumInfo | B18: ='Message ID'!D20 -> 1000 | C18: ='Message ID'!Q20 -> 1 | D18: =VLOOKUP(A18,'Comm Matrix'!A:N,14,FALSE) -> 72 | E18: =IF(OR(ISNUMBER(SEARCH("RBMS", A18)), ISNUMBER(SEARCH("Para", A18))), $F$54, 1) -> 1 | F18: =IF(C18=1,D18*E18*60*60*24*C18/(B18/1000),0)/1024 -> 6075 | G18: {=MATCH(FALSE, INDEX(TRIM(INDIRECT("'Comm Matrix'!G" & (MATCH(A18,'Comm Matrix'!A:A,0)+1) & ":G1000"))<>"", 0), 0)-1} -> 15 | H18: =IF(C18=1,G18*E18*60*60*24*C18/(B18/1000),0)/1024 -> 1265.625 | I18: =IF(C18=1,19*E18*60*60*24*C18/(B18/1000),0)/1024 -> 1603.125
A19: ='Message ID'!A21 -> TMS_SumInfo | B19: ='Message ID'!D21 -> 1000 | C19: ='Message ID'!Q21 -> 1 | D19: =VLOOKUP(A19,'Comm Matrix'!A:N,14,FALSE) -> 72 | E19: 12 | F19: =IF(C19=1,D19*E19*60*60*24*C19/(B19/1000),0)/1024 -> 72900 | G19: {=MATCH(FALSE, INDEX(TRIM(INDIRECT("'Comm Matrix'!G" & (MATCH(A19,'Comm Matrix'!A:A,0)+1) & ":G1000"))<>"", 0), 0)-1} -> 15 | H19: =IF(C19=1,G19*E19*60*60*24*C19/(B19/1000),0)/1024 -> 15187.5 | I19: =IF(C19=1,19*E19*60*60*24*C19/(B19/1000),0)/1024 -> 19237.5
A20: ='Message ID'!A22 -> ParaThr_CellV | B20: ='Message ID'!D22 -> / | C20: ='Message ID'!Q22 -> 0 | D20: =VLOOKUP(A20,'Comm Matrix'!A:N,14,FALSE) -> 67 | E20: =IF(OR(ISNUMBER(SEARCH("RBMS", A20)), ISNUMBER(SEARCH("Para", A20))), $F$54, 1) -> 12 | F20: =IF(C20=1,D20*E20*60*60*24*C20/(B20/1000),0)/1024 -> 0 | G20: {=MATCH(FALSE, INDEX(TRIM(INDIRECT("'Comm Matrix'!G" & (MATCH(A20,'Comm Matrix'!A:A,0)+1) & ":G1000"))<>"", 0), 0)-1} -> 18 | H20: =IF(C20=1,G20*E20*60*60*24*C20/(B20/1000),0)/1024 -> 0 | I20: =IF(C20=1,19*E20*60*60*24*C20/(B20/1000),0)/1024 -> 0
A21: ='Message ID'!A23 -> ParaThr_CellV | B21: ='Message ID'!D23 -> / | C21: ='Message ID'!Q23 -> 0 | D21: =VLOOKUP(A21,'Comm Matrix'!A:N,14,FALSE) -> 67 | E21: =IF(OR(ISNUMBER(SEARCH("RBMS", A21)), ISNUMBER(SEARCH("Para", A21))), $F$54, 1) -> 12 | F21: =IF(C21=1,D21*E21*60*60*24*C21/(B21/1000),0)/1024 -> 0 | G21: {=MATCH(FALSE, INDEX(TRIM(INDIRECT("'Comm Matrix'!G" & (MATCH(A21,'Comm Matrix'!A:A,0)+1) & ":G1000"))<>"", 0), 0)-1} -> 18 | H21: =IF(C21=1,G21*E21*60*60*24*C21/(B21/1000),0)/1024 -> 0 | I21: =IF(C21=1,19*E21*60*60*24*C21/(B21/1000),0)/1024 -> 0
A22: ='Message ID'!A24 -> ParaThr_RackV | B22: ='Message ID'!D24 -> / | C22: ='Message ID'!Q24 -> 0 | D22: =VLOOKUP(A22,'Comm Matrix'!A:N,14,FALSE) -> 10 | E22: =IF(OR(ISNUMBER(SEARCH("RBMS", A22)), ISNUMBER(SEARCH("Para", A22))), $F$54, 1) -> 12 | F22: =IF(C22=1,D22*E22*60*60*24*C22/(B22/1000),0)/1024 -> 0 | G22: {=MATCH(FALSE, INDEX(TRIM(INDIRECT("'Comm Matrix'!G" & (MATCH(A22,'Comm Matrix'!A:A,0)+1) & ":G1000"))<>"", 0), 0)-1} -> 10 | H22: =IF(C22=1,G22*E22*60*60*24*C22/(B22/1000),0)/1024 -> 0 | I22: =IF(C22=1,19*E22*60*60*24*C22/(B22/1000),0)/1024 -> 0
A23: ='Message ID'!A25 -> ParaThr_RackV | B23: ='Message ID'!D25 -> / | C23: ='Message ID'!Q25 -> 0 | D23: =VLOOKUP(A23,'Comm Matrix'!A:N,14,FALSE) -> 10 | E23: =IF(OR(ISNUMBER(SEARCH("RBMS", A23)), ISNUMBER(SEARCH("Para", A23))), $F$54, 1) -> 12 | F23: =IF(C23=1,D23*E23*60*60*24*C23/(B23/1000),0)/1024 -> 0 | G23: {=MATCH(FALSE, INDEX(TRIM(INDIRECT("'Comm Matrix'!G" & (MATCH(A23,'Comm Matrix'!A:A,0)+1) & ":G1000"))<>"", 0), 0)-1} -> 10 | H23: =IF(C23=1,G23*E23*60*60*24*C23/(B23/1000),0)/1024 -> 0 | I23: =IF(C23=1,19*E23*60*60*24*C23/(B23/1000),0)/1024 -> 0
A24: ='Message ID'!A26 -> ParaThr_RackI | B24: ='Message ID'!D26 -> / | C24: ='Message ID'!Q26 -> 0 | D24: =VLOOKUP(A24,'Comm Matrix'!A:N,14,FALSE) -> 60 | E24: =IF(OR(ISNUMBER(SEARCH("RBMS", A24)), ISNUMBER(SEARCH("Para", A24))), $F$54, 1) -> 12 | F24: =IF(C24=1,D24*E24*60*60*24*C24/(B24/1000),0)/1024 -> 0 | G24: {=MATCH(FALSE, INDEX(TRIM(INDIRECT("'Comm Matrix'!G" & (MATCH(A24,'Comm Matrix'!A:A,0)+1) & ":G1000"))<>"", 0), 0)-1} -> 10 | H24: =IF(C24=1,G24*E24*60*60*24*C24/(B24/1000),0)/1024 -> 0 | I24: =IF(C24=1,19*E24*60*60*24*C24/(B24/1000),0)/1024 -> 0
A25: ='Message ID'!A27 -> ParaThr_RackI | B25: ='Message ID'!D27 -> / | C25: ='Message ID'!Q27 -> 0 | D25: =VLOOKUP(A25,'Comm Matrix'!A:N,14,FALSE) -> 60 | E25: =IF(OR(ISNUMBER(SEARCH("RBMS", A25)), ISNUMBER(SEARCH("Para", A25))), $F$54, 1) -> 12 | F25: =IF(C25=1,D25*E25*60*60*24*C25/(B25/1000),0)/1024 -> 0 | G25: {=MATCH(FALSE, INDEX(TRIM(INDIRECT("'Comm Matrix'!G" & (MATCH(A25,'Comm Matrix'!A:A,0)+1) & ":G1000"))<>"", 0), 0)-1} -> 10 | H25: =IF(C25=1,G25*E25*60*60*24*C25/(B25/1000),0)/1024 -> 0 | I25: =IF(C25=1,19*E25*60*60*24*C25/(B25/1000),0)/1024 -> 0
A26: ='Message ID'!A28 -> ParaThr_ModuleT | B26: ='Message ID'!D28 -> / | C26: ='Message ID'!Q28 -> 0 | D26: =VLOOKUP(A26,'Comm Matrix'!A:N,14,FALSE) -> 140 | E26: =IF(OR(ISNUMBER(SEARCH("RBMS", A26)), ISNUMBER(SEARCH("Para", A26))), $F$54, 1) -> 12 | F26: =IF(C26=1,D26*E26*60*60*24*C26/(B26/1000),0)/1024 -> 0 | G26: {=MATCH(FALSE, INDEX(TRIM(INDIRECT("'Comm Matrix'!G" & (MATCH(A26,'Comm Matrix'!A:A,0)+1) & ":G1000"))<>"", 0), 0)-1} -> 28 | H26: =IF(C26=1,G26*E26*60*60*24*C26/(B26/1000),0)/1024 -> 0 | I26: =IF(C26=1,19*E26*60*60*24*C26/(B26/1000),0)/1024 -> 0
A27: ='Message ID'!A29 -> ParaThr_ModuleT | B27: ='Message ID'!D29 -> / | C27: ='Message ID'!Q29 -> 0 | D27: =VLOOKUP(A27,'Comm Matrix'!A:N,14,FALSE) -> 140 | E27: =IF(OR(ISNUMBER(SEARCH("RBMS", A27)), ISNUMBER(SEARCH("Para", A27))), $F$54, 1) -> 12 | F27: =IF(C27=1,D27*E27*60*60*24*C27/(B27/1000),0)/1024 -> 0 | G27: {=MATCH(FALSE, INDEX(TRIM(INDIRECT("'Comm Matrix'!G" & (MATCH(A27,'Comm Matrix'!A:A,0)+1) & ":G1000"))<>"", 0), 0)-1} -> 28 | H27: =IF(C27=1,G27*E27*60*60*24*C27/(B27/1000),0)/1024 -> 0 | I27: =IF(C27=1,19*E27*60*60*24*C27/(B27/1000),0)/1024 -> 0
A28: ='Message ID'!A30 -> ParaThr_SOX | B28: ='Message ID'!D30 -> / | C28: ='Message ID'!Q30 -> 0 | D28: =VLOOKUP(A28,'Comm Matrix'!A:N,14,FALSE) -> 30 | E28: =IF(OR(ISNUMBER(SEARCH("RBMS", A28)), ISNUMBER(SEARCH("Para", A28))), $F$54, 1) -> 12 | F28: =IF(C28=1,D28*E28*60*60*24*C28/(B28/1000),0)/1024 -> 0 | G28: {=MATCH(FALSE, INDEX(TRIM(INDIRECT("'Comm Matrix'!G" & (MATCH(A28,'Comm Matrix'!A:A,0)+1) & ":G1000"))<>"", 0), 0)-1} -> 13 | H28: =IF(C28=1,G28*E28*60*60*24*C28/(B28/1000),0)/1024 -> 0 | I28: =IF(C28=1,19*E28*60*60*24*C28/(B28/1000),0)/1024 -> 0
A29: ='Message ID'!A31 -> ParaThr_SOX | B29: ='Message ID'!D31 -> / | C29: ='Message ID'!Q31 -> 0 | D29: =VLOOKUP(A29,'Comm Matrix'!A:N,14,FALSE) -> 30 | E29: =IF(OR(ISNUMBER(SEARCH("RBMS", A29)), ISNUMBER(SEARCH("Para", A29))), $F$54, 1) -> 12 | F29: =IF(C29=1,D29*E29*60*60*24*C29/(B29/1000),0)/1024 -> 0 | G29: {=MATCH(FALSE, INDEX(TRIM(INDIRECT("'Comm Matrix'!G" & (MATCH(A29,'Comm Matrix'!A:A,0)+1) & ":G1000"))<>"", 0), 0)-1} -> 13 | H29: =IF(C29=1,G29*E29*60*60*24*C29/(B29/1000),0)/1024 -> 0 | I29: =IF(C29=1,19*E29*60*60*24*C29/(B29/1000),0)/1024 -> 0
A30: ='Message ID'!A32 -> ParaThr_AUX | B30: ='Message ID'!D32 -> / | C30: ='Message ID'!Q32 -> 0 | D30: =VLOOKUP(A30,'Comm Matrix'!A:N,14,FALSE) -> 1 | E30: =IF(OR(ISNUMBER(SEARCH("RBMS", A30)), ISNUMBER(SEARCH("Para", A30))), $F$54, 1) -> 12 | F30: =IF(C30=1,D30*E30*60*60*24*C30/(B30/1000),0)/1024 -> 0 | G30: {=MATCH(FALSE, INDEX(TRIM(INDIRECT("'Comm Matrix'!G" & (MATCH(A30,'Comm Matrix'!A:A,0)+1) & ":G1000"))<>"", 0), 0)-1} -> 1 | H30: =IF(C30=1,G30*E30*60*60*24*C30/(B30/1000),0)/1024 -> 0 | I30: =IF(C30=1,19*E30*60*60*24*C30/(B30/1000),0)/1024 -> 0
A31: ='Message ID'!A33 -> ParaThr_AUX | B31: ='Message ID'!D33 -> / | C31: ='Message ID'!Q33 -> 0 | D31: =VLOOKUP(A31,'Comm Matrix'!A:N,14,FALSE) -> 1 | E31: =IF(OR(ISNUMBER(SEARCH("RBMS", A31)), ISNUMBER(SEARCH("Para", A31))), $F$54, 1) -> 12 | F31: =IF(C31=1,D31*E31*60*60*24*C31/(B31/1000),0)/1024 -> 0 | G31: {=MATCH(FALSE, INDEX(TRIM(INDIRECT("'Comm Matrix'!G" & (MATCH(A31,'Comm Matrix'!A:A,0)+1) & ":G1000"))<>"", 0), 0)-1} -> 1 | H31: =IF(C31=1,G31*E31*60*60*24*C31/(B31/1000),0)/1024 -> 0 | I31: =IF(C31=1,19*E31*60*60*24*C31/(B31/1000),0)/1024 -> 0
A32: ='Message ID'!A34 -> ParaThr_TMS | B32: ='Message ID'!D34 -> / | C32: ='Message ID'!Q34 -> 0 | D32: =VLOOKUP(A32,'Comm Matrix'!A:N,14,FALSE) -> 48 | E32: 1 | F32: =IF(C32=1,D32*E32*60*60*24*C32/(B32/1000),0)/1024 -> 0 | G32: {=MATCH(FALSE, INDEX(TRIM(INDIRECT("'Comm Matrix'!G" & (MATCH(A32,'Comm Matrix'!A:A,0)+1) & ":G1000"))<>"", 0), 0)-1} -> 39 | H32: =IF(C32=1,G32*E32*60*60*24*C32/(B32/1000),0)/1024 -> 0 | I32: =IF(C32=1,19*E32*60*60*24*C32/(B32/1000),0)/1024 -> 0
A33: ='Message ID'!A35 -> ParaThr_TMS | B33: ='Message ID'!D35 -> / | C33: ='Message ID'!Q35 -> 0 | D33: =VLOOKUP(A33,'Comm Matrix'!A:N,14,FALSE) -> 48 | E33: 1 | F33: =IF(C33=1,D33*E33*60*60*24*C33/(B33/1000),0)/1024 -> 0 | G33: {=MATCH(FALSE, INDEX(TRIM(INDIRECT("'Comm Matrix'!G" & (MATCH(A33,'Comm Matrix'!A:A,0)+1) & ":G1000"))<>"", 0), 0)-1} -> 39 | H33: =IF(C33=1,G33*E33*60*60*24*C33/(B33/1000),0)/1024 -> 0 | I33: =IF(C33=1,19*E33*60*60*24*C33/(B33/1000),0)/1024 -> 0
A34: ='Message ID'!A36 -> ParaThr_TMS | B34: ='Message ID'!D36 -> / | C34: ='Message ID'!Q36 -> 0 | D34: =VLOOKUP(A34,'Comm Matrix'!A:N,14,FALSE) -> 48 | E34: =IF(OR(ISNUMBER(SEARCH("RBMS", A34)), ISNUMBER(SEARCH("Para", A34))), $F$54, 1) -> 12 | F34: =IF(C34=1,D34*E34*60*60*24*C34/(B34/1000),0)/1024 -> 0 | G34: {=MATCH(FALSE, INDEX(TRIM(INDIRECT("'Comm Matrix'!G" & (MATCH(A34,'Comm Matrix'!A:A,0)+1) & ":G1000"))<>"", 0), 0)-1} -> 39 | H34: =IF(C34=1,G34*E34*60*60*24*C34/(B34/1000),0)/1024 -> 0 | I34: =IF(C34=1,19*E34*60*60*24*C34/(B34/1000),0)/1024 -> 0
A35: ='Message ID'!A37 -> ParaThr_TMS | B35: ='Message ID'!D37 -> / | C35: ='Message ID'!Q37 -> 0 | D35: =VLOOKUP(A35,'Comm Matrix'!A:N,14,FALSE) -> 48 | E35: =IF(OR(ISNUMBER(SEARCH("RBMS", A35)), ISNUMBER(SEARCH("Para", A35))), $F$54, 1) -> 12 | F35: =IF(C35=1,D35*E35*60*60*24*C35/(B35/1000),0)/1024 -> 0 | G35: {=MATCH(FALSE, INDEX(TRIM(INDIRECT("'Comm Matrix'!G" & (MATCH(A35,'Comm Matrix'!A:A,0)+1) & ":G1000"))<>"", 0), 0)-1} -> 39 | H35: =IF(C35=1,G35*E35*60*60*24*C35/(B35/1000),0)/1024 -> 0 | I35: =IF(C35=1,19*E35*60*60*24*C35/(B35/1000),0)/1024 -> 0
A36: ='Message ID'!A38 -> HMI_RBMSDOCtrl | B36: ='Message ID'!D38 -> / | C36: ='Message ID'!Q38 -> 0 | D36: =VLOOKUP(A36,'Comm Matrix'!A:N,14,FALSE) -> 12 | E36: =IF(OR(ISNUMBER(SEARCH("RBMS", A36)), ISNUMBER(SEARCH("Para", A36))), $F$54, 1) -> 12 | F36: =IF(C36=1,D36*E36*60*60*24*C36/(B36/1000),0)/1024 -> 0 | G36: {=MATCH(FALSE, INDEX(TRIM(INDIRECT("'Comm Matrix'!G" & (MATCH(A36,'Comm Matrix'!A:A,0)+1) & ":G1000"))<>"", 0), 0)-1} -> 12 | H36: =IF(C36=1,G36*E36*60*60*24*C36/(B36/1000),0)/1024 -> 0 | I36: =IF(C36=1,19*E36*60*60*24*C36/(B36/1000),0)/1024 -> 0
A37: ='Message ID'!A39 -> HMI_BBMSDOCtrl | B37: ='Message ID'!D39 -> / | C37: ='Message ID'!Q39 -> 0 | D37: =VLOOKUP(A37,'Comm Matrix'!A:N,14,FALSE) -> 12 | E37: =IF(OR(ISNUMBER(SEARCH("RBMS", A37)), ISNUMBER(SEARCH("Para", A37))), $F$54, 1) -> 1 | F37: =IF(C37=1,D37*E37*60*60*24*C37/(B37/1000),0)/1024 -> 0 | G37: {=MATCH(FALSE, INDEX(TRIM(INDIRECT("'Comm Matrix'!G" & (MATCH(A37,'Comm Matrix'!A:A,0)+1) & ":G1000"))<>"", 0), 0)-1} -> 12 | H37: =IF(C37=1,G37*E37*60*60*24*C37/(B37/1000),0)/1024 -> 0 | I37: =IF(C37=1,19*E37*60*60*24*C37/(B37/1000),0)/1024 -> 0
A38: ='Message ID'!A40 -> RBMS_SOXdebugData1 | B38: ='Message ID'!D40 -> 1000 | C38: ='Message ID'!Q40 -> 1 | D38: =VLOOKUP(A38,'Comm Matrix'!A:N,14,FALSE) -> 155 | E38: =IF(OR(ISNUMBER(SEARCH("RBMS", A38)), ISNUMBER(SEARCH("Para", A38))), $F$54, 1) -> 12 | F38: =IF(C38=1,D38*E38*60*60*24*C38/(B38/1000),0)/1024 -> 156937.5 | G38: {=MATCH(FALSE, INDEX(TRIM(INDIRECT("'Comm Matrix'!G" & (MATCH(A38,'Comm Matrix'!A:A,0)+1) & ":G1000"))<>"", 0), 0)-1} -> 32 | H38: =IF(C38=1,G38*E38*60*60*24*C38/(B38/1000),0)/1024 -> 32400 | I38: =IF(C38=1,19*E38*60*60*24*C38/(B38/1000),0)/1024 -> 19237.5
A39: ='Message ID'!A41 -> RBMS_SOXdebugData2 | B39: ='Message ID'!D41 -> 1000 | C39: ='Message ID'!Q41 -> 1 | D39: =VLOOKUP(A39,'Comm Matrix'!A:N,14,FALSE) -> 125 | E39: =IF(OR(ISNUMBER(SEARCH("RBMS", A39)), ISNUMBER(SEARCH("Para", A39))), $F$54, 1) -> 12 | F39: =IF(C39=1,D39*E39*60*60*24*C39/(B39/1000),0)/1024 -> 126562.5 | G39: {=9+MATCH(TRUE, INDEX(TRIM(INDIRECT("'Comm Matrix'!A" & (MATCH(A39,'Comm Matrix'!A:A,0)+1) & ":A1000"))<>"", 0), 0)-1} -> 41 | H39: =IF(C39=1,G39*E39*60*60*24*C39/(B39/1000),0)/1024 -> 41512.5 | I39: =IF(C39=1,19*E39*60*60*24*C39/(B39/1000),0)/1024 -> 19237.5
A40: ='Message ID'!A42 -> HMI_RackFaultCali | B40: ='Message ID'!D42 -> / | C40: ='Message ID'!Q42 -> 0 | D40: =VLOOKUP(A40,'Comm Matrix'!A:N,14,FALSE) -> 8 | E40: =IF(OR(ISNUMBER(SEARCH("RBMS", A40)), ISNUMBER(SEARCH("Para", A40))), $F$54, 1) -> 1 | F40: =IF(C40=1,D40*E40*60*60*24*C40/(B40/1000),0)/1024 -> 0 | G40: {=MATCH(FALSE, INDEX(TRIM(INDIRECT("'Comm Matrix'!G" & (MATCH(A40,'Comm Matrix'!A:A,0)+1) & ":G1000"))<>"", 0), 0)-1} -> 2 | H40: =IF(C40=1,G40*E40*60*60*24*C40/(B40/1000),0)/1024 -> 0 | I40: =IF(C40=1,19*E40*60*60*24*C40/(B40/1000),0)/1024 -> 0
A41: ='Message ID'!A43 -> HMI_BankFaultCali | B41: ='Message ID'!D43 -> / | C41: ='Message ID'!Q43 -> 0 | D41: =VLOOKUP(A41,'Comm Matrix'!A:N,14,FALSE) -> 1005 | E41: =IF(OR(ISNUMBER(SEARCH("RBMS", A41)), ISNUMBER(SEARCH("Para", A41))), $F$54, 1) -> 1 | F41: =IF(C41=1,D41*E41*60*60*24*C41/(B41/1000),0)/1024 -> 0 | G41: {=MATCH(FALSE, INDEX(TRIM(INDIRECT("'Comm Matrix'!G" & (MATCH(A41,'Comm Matrix'!A:A,0)+1) & ":G1000"))<>"", 0), 0)-1} -> 3 | H41: =IF(C41=1,G41*E41*60*60*24*C41/(B41/1000),0)/1024 -> 0 | I41: =IF(C41=1,19*E41*60*60*24*C41/(B41/1000),0)/1024 -> 0
A42: ='Message ID'!A44 -> HMI_FltOvTiNbr | B42: ='Message ID'!D44 -> / | C42: ='Message ID'!Q44 -> 0 | D42: =VLOOKUP(A42,'Comm Matrix'!A:N,14,FALSE) -> 1002 | E42: =IF(OR(ISNUMBER(SEARCH("RBMS", A42)), ISNUMBER(SEARCH("Para", A42))), $F$54, 1) -> 1 | F42: =IF(C42=1,D42*E42*60*60*24*C42/(B42/1000),0)/1024 -> 0 | G42: 200 | H42: =IF(C42=1,G42*E42*60*60*24*C42/(B42/1000),0)/1024 -> 0 | I42: =IF(C42=1,19*E42*60*60*24*C42/(B42/1000),0)/1024 -> 0
A43: ='Message ID'!A45 -> RBMS_Debug | B43: ='Message ID'!D45 -> 1000 | C43: ='Message ID'!Q45 -> 1 | D43: =VLOOKUP(A43,'Comm Matrix'!A:N,14,FALSE) -> 77 | E43: =IF(OR(ISNUMBER(SEARCH("RBMS", A43)), ISNUMBER(SEARCH("Para", A43))), $F$54, 1) -> 12 | F43: =IF(C43=1,D43*E43*60*60*24*C43/(B43/1000),0)/1024 -> 77962.5 | G43: {=MATCH(FALSE, INDEX(TRIM(INDIRECT("'Comm Matrix'!G" & (MATCH(A43,'Comm Matrix'!A:A,0)+1) & ":G1000"))<>"", 0), 0)-1} -> 29 | H43: =IF(C43=1,G43*E43*60*60*24*C43/(B43/1000),0)/1024 -> 29362.5 | I43: =IF(C43=1,19*E43*60*60*24*C43/(B43/1000),0)/1024 -> 19237.5
A44: ='Message ID'!A46 -> BBMS_A_SOCInfo | B44: ='Message ID'!D46 -> 1000 | C44: ='Message ID'!Q46 -> 1 | D44: =VLOOKUP(A44,'Comm Matrix'!A:N,14,FALSE) -> 344 | E44: =IF(OR(ISNUMBER(SEARCH("RBMS", A44)), ISNUMBER(SEARCH("Para", A44))), $F$54, 1) -> 1 | F44: =IF(C44=1,D44*E44*60*60*24*C44/(B44/1000),0)/1024 -> 29025 | G44: =16+16+12+12+12 -> 68 | H44: =IF(C44=1,G44*E44*60*60*24*C44/(B44/1000),0)/1024 -> 5737.5 | I44: =IF(C44=1,19*E44*60*60*24*C44/(B44/1000),0)/1024 -> 1603.125
A45: ='Message ID'!A47 -> BBMS_A_SOHInfo | B45: ='Message ID'!D47 -> 1000 | C45: ='Message ID'!Q47 -> 1 | D45: =VLOOKUP(A45,'Comm Matrix'!A:N,14,FALSE) -> 504 | E45: =IF(OR(ISNUMBER(SEARCH("RBMS", A45)), ISNUMBER(SEARCH("Para", A45))), $F$54, 1) -> 1 | F45: =IF(C45=1,D45*E45*60*60*24*C45/(B45/1000),0)/1024 -> 42525 | G45: =16+16+16+12+12+12 -> 84 | H45: =IF(C45=1,G45*E45*60*60*24*C45/(B45/1000),0)/1024 -> 7087.5 | I45: =IF(C45=1,19*E45*60*60*24*C45/(B45/1000),0)/1024 -> 1603.125
A46: ='Message ID'!A48 -> BBMS_A_Fault | B46: ='Message ID'!D48 -> 1000 | C46: ='Message ID'!Q48 -> 1 | D46: =VLOOKUP(A46,'Comm Matrix'!A:N,14,FALSE) -> 200 | E46: =IF(OR(ISNUMBER(SEARCH("RBMS", A46)), ISNUMBER(SEARCH("Para", A46))), $F$54, 1) -> 1 | F46: =IF(C46=1,D46*E46*60*60*24*C46/(B46/1000),0)/1024 -> 16875 | G46: =200 -> 200 | H46: =IF(C46=1,G46*E46*60*60*24*C46/(B46/1000),0)/1024 -> 16875 | I46: =IF(C46=1,19*E46*60*60*24*C46/(B46/1000),0)/1024 -> 1603.125
A47: ='Message ID'!A49 -> HMI_FltEna | B47: ='Message ID'!D49 -> / | C47: ='Message ID'!Q49 -> 0 | D47: =VLOOKUP(A47,'Comm Matrix'!A:N,14,FALSE) -> 200 | E47: =IF(OR(ISNUMBER(SEARCH("RBMS", A47)), ISNUMBER(SEARCH("Para", A47))), $F$54, 1) -> 1 | F47: =IF(C47=1,D47*E47*60*60*24*C47/(B47/1000),0)/1024 -> 0 | G47: =200 -> 200 | H47: =IF(C47=1,G47*E47*60*60*24*C47/(B47/1000),0)/1024 -> 0 | I47: =IF(C47=1,19*E47*60*60*24*C47/(B47/1000),0)/1024 -> 0
A48: ='Message ID'!A50 -> HMI_FltEna | B48: ='Message ID'!D50 -> / | C48: ='Message ID'!Q50 -> 0 | D48: =VLOOKUP(A48,'Comm Matrix'!A:N,14,FALSE) -> 200 | E48: =IF(OR(ISNUMBER(SEARCH("RBMS", A48)), ISNUMBER(SEARCH("Para", A48))), $F$54, 1) -> 1 | F48: =IF(C48=1,D48*E48*60*60*24*C48/(B48/1000),0)/1024 -> 0 | G48: =200 -> 200 | H48: =IF(C48=1,G48*E48*60*60*24*C48/(B48/1000),0)/1024 -> 0 | I48: =IF(C48=1,19*E48*60*60*24*C48/(B48/1000),0)/1024 -> 0
A49: ='Message ID'!A51 -> Selfdr_Info | B49: ='Message ID'!D51 -> / | C49: ='Message ID'!Q51 -> 0 | D49: =VLOOKUP(A49,'Comm Matrix'!A:N,14,FALSE) -> 13 | E49: =IF(OR(ISNUMBER(SEARCH("RBMS", A49)), ISNUMBER(SEARCH("Para", A49))), $F$54, 1) -> 1 | F49: =IF(C49=1,D49*E49*60*60*24*C49/(B49/1000),0)/1024 -> 0 | G49: {=MATCH(FALSE, INDEX(TRIM(INDIRECT("'Comm Matrix'!G" & (MATCH(A49,'Comm Matrix'!A:A,0)+1) & ":G1000"))<>"", 0), 0)-1} -> 3 | H49: =IF(C49=1,G49*E49*60*60*24*C49/(B49/1000),0)/1024 -> 0 | I49: =IF(C49=1,19*E49*60*60*24*C49/(B49/1000),0)/1024 -> 0
A50: ='Message ID'!A53 -> BBMS_SafetySignal | B50: ='Message ID'!D53 -> 1000 | C50: ='Message ID'!Q53 -> 0 | D50: =VLOOKUP(A50,'Comm Matrix'!A:N,14,FALSE) -> 7 | E50: =IF(OR(ISNUMBER(SEARCH("RBMS", A50)), ISNUMBER(SEARCH("Para", A50))), $F$54, 1) -> 1 | F50: =IF(C50=1,D50*E50*60*60*24*C50/(B50/1000),0)/1024 -> 0 | G50: {=MATCH(FALSE, INDEX(TRIM(INDIRECT("'Comm Matrix'!G" & (MATCH(A50,'Comm Matrix'!A:A,0)+1) & ":G1000"))<>"", 0), 0)-1} -> 4 | H50: =IF(C50=1,G50*E50*60*60*24*C50/(B50/1000),0)/1024 -> 0 | I50: =IF(C50=1,19*E50*60*60*24*C50/(B50/1000),0)/1024 -> 0
A51: ='Message ID'!A54 -> BBMS_A_CtlWord | B51: ='Message ID'!D54 -> 1000 | C51: ='Message ID'!Q54 -> 0 | D51: =VLOOKUP(A51,'Comm Matrix'!A:N,14,FALSE) -> 5 | E51: =IF(OR(ISNUMBER(SEARCH("RBMS", A51)), ISNUMBER(SEARCH("Para", A51))), $F$54, 1) -> 1 | F51: =IF(C51=1,D51*E51*60*60*24*C51/(B51/1000),0)/1024 -> 0 | G51: {=MATCH(FALSE, INDEX(TRIM(INDIRECT("'Comm Matrix'!G" & (MATCH(A51,'Comm Matrix'!A:A,0)+1) & ":G1000"))<>"", 0), 0)-1} -> 4 | H51: =IF(C51=1,G51*E51*60*60*24*C51/(B51/1000),0)/1024 -> 0 | I51: =IF(C51=1,19*E51*60*60*24*C51/(B51/1000),0)/1024 -> 0
A52: ='Message ID'!A55 -> System_Info | B52: ='Message ID'!D55 -> / | C52: ='Message ID'!Q55 -> 0 | D52: =VLOOKUP(A52,'Comm Matrix'!A:N,14,FALSE) -> 3 | E52: =IF(OR(ISNUMBER(SEARCH("RBMS", A52)), ISNUMBER(SEARCH("Para", A52))), $F$54, 1) -> 1 | F52: =IF(C52=1,D52*E52*60*60*24*C52/(B52/1000),0)/1024 -> 0 | G52: {=MATCH(FALSE, INDEX(TRIM(INDIRECT("'Comm Matrix'!G" & (MATCH(A52,'Comm Matrix'!A:A,0)+1) & ":G1000"))<>"", 0), 0)-1} -> 2 | H52: =IF(C52=1,G52*E52*60*60*24*C52/(B52/1000),0)/1024 -> 0 | I52: =IF(C52=1,19*E52*60*60*24*C52/(B52/1000),0)/1024 -> 0
A53: ='Message ID'!A56 -> System_Info | B53: ='Message ID'!D56 -> / | C53: ='Message ID'!Q56 -> 0 | D53: =VLOOKUP(A53,'Comm Matrix'!A:N,14,FALSE) -> 3 | E53: =IF(OR(ISNUMBER(SEARCH("RBMS", A53)), ISNUMBER(SEARCH("Para", A53))), $F$54, 1) -> 1 | F53: =IF(C53=1,D53*E53*60*60*24*C53/(B53/1000),0)/1024 -> 0 | G53: {=MATCH(FALSE, INDEX(TRIM(INDIRECT("'Comm Matrix'!G" & (MATCH(A53,'Comm Matrix'!A:A,0)+1) & ":G1000"))<>"", 0), 0)-1} -> 2 | H53: =IF(C53=1,G53*E53*60*60*24*C53/(B53/1000),0)/1024 -> 0 | I53: =IF(C53=1,19*E53*60*60*24*C53/(B53/1000),0)/1024 -> 0
E54: Rack Nbr Max | F54: 12
E55: Total KB/Day | F55: =SUM(F2:F50) -> 6755501.2 | H55: =SUM(H2:H50) -> 2009913.8 | I55: =SUM(I2:I50) -> 184680
E56: Total GB/Day | F56: =F55/1024/1024 -> 6.442548 | H56: =H55/1024/1024 -> 1.9168031 | I56: =I55/1024/1024 -> 0.17612457
E57: GB/Day | F57: =SUM(F56,H56:I56) -> 8.5354757
E58: SSD RAM GB | F58: 512
E59: Total Days | F59: =F58/F57 -> 59.98494
